publishedAt,title,description
2024-09-22T22:13:47Z,"talism√£, 14 Bis (3)",
2020-02-09T11:12:48Z,1 dia na Bahia - feat Luiz Tsuha,V√©spera da comemora√ß√£o de Iemanj√° 2020.
2022-09-25T15:31:31Z,Guaratinguet√° Dilermando Reis,
2024-07-07T13:32:04Z,RIP Jo√£o #ziriguidum 6/7/24,
2021-07-03T22:19:38Z,arrast√£o #3j,
2025-04-02T10:55:12Z,Atividade de Produ√ß√£o em Libras A05,Minha m√£e nasceu no dia 25 do m√™s de setembro do ano de 1945. Meu pai nasceu no dia 2 do m√™s de fevereiro do ano de ...
2023-10-23T00:33:28Z,"mar, 22 de outubro de 2023",Pousada Luar das √°guas.
2020-03-01T17:53:49Z,Bloco Estrambelhados - Paranga,
2024-09-22T22:13:55Z,"talism√£, 14 Bis (2)",
2021-07-03T22:16:35Z,Bloquinho #3J,
2024-09-22T22:13:37Z,"talism√£, 14 Bis (1)",
2024-12-08T13:22:32Z,beira Rio,
2022-03-19T12:21:50Z,caipira 22,
2024-12-08T13:17:20Z,Tamandar√©,
2024-12-08T13:17:37Z,Tamandar√©,
2021-12-30T12:51:47Z,Tornado em Itamambuca,Tornado atinge praia de Itamambuca em Ubatuba ...
2025-04-02T10:15:08Z,Atividade de Produ√ß√£o em Libras A01,Enunciado: Passo 1: Leia com cuidado a p√°gina com as dicas de treinamento desta semana e pratique os sinais indicados.
2022-03-19T12:23:35Z,caipira 22,
2022-04-15T14:42:07Z,street em frente ao ch√£o,
2021-07-03T22:28:38Z,üî• no genocida #3j,
2023-07-08T03:33:40Z,Z√© de volta pra o oficina (1),
2025-03-09T20:58:31Z,arriba 2,
2025-01-12T10:57:53Z,"volta Z√©, vai vai 2025",
2020-03-01T18:45:05Z,Bloco Estrambelhados - Estrambelhados,Carnaval 2020.
2022-03-19T12:33:15Z,Barbosa e Pedrinho 22,
2025-03-09T20:59:03Z,arriba 3,
2016-11-29T21:40:34Z,Porcada acordando a gente na madruga,
2025-03-09T20:57:46Z,arriba,
2024-11-15T16:04:26Z,Chit chat Ryle ‚Äê Feito com o Clipchamp,https://opessoa.fflch.usp.br/sites/opessoa.fflch.usp.br/files/Ryle-Mito-Descartes-2.pdf.
2024-12-08T12:28:29Z,Bonecos,
2024-12-08T13:16:26Z,bonecos,
2024-12-08T13:18:45Z,mocidade,
2023-11-18T23:10:50Z,Ti√£o Preto na Benedito - cadeira vazia,
2014-02-15T03:36:35Z,capu na fcl,s√≥ em sampa capoeira na paulista e com chuva. doido.
2025-01-26T20:37:33Z,Lavagem Santo Amaro 2025,
2021-12-30T20:07:11Z,The rescue,resgate na barra seca com participa√ß√£o especial do Jo√£o.
2024-11-09T18:56:20Z,Veneza,a story that Dri told about the strawberry man.
2016-05-16T00:20:53Z,"Festa do Esp√≠rito, SLP - 2016","Festa do Divino, SLP - 2016."
2025-01-30T13:41:06Z,sem sombreiro no Porto da Barra,A gente em Salvador foi na praia e n√£o deu pra sentar na areia.
2022-08-24T12:12:13Z,pinheiro quebrado,
2025-02-23T13:46:11Z,Lan√ßamento tratado sobre a esb√≥rnia,
2025-01-28T16:29:17Z,Porto da Barra sem barraca,
2025-04-02T10:55:08Z,Atividade de Produ√ß√£o em Libras A04,"Assistimos na aula de hoje profiss√µes que o surdo n√£o pode trabalhar: ator, cantor, atendente de telemarketing, guarda de ..."
2025-04-02T10:55:30Z,Atividade de Produ√ß√£o em Libras A07,"Boa noite. Meu nome √© Isa√≠as. Eu estudo Letras na USP. Meu amigo estuda F√≠sica e a irm√£ dele estuda Biologia""."
2025-04-02T10:55:39Z,Atividade de Produ√ß√£o em Libras A10,"Ol√°, meu nome √© Luis Fernando, minha idade √© de 40 anos. Eu moro em S√£o Paulo, bairro de Pinheiros e estudo Filosofia."
2023-07-08T03:23:26Z,chegada Z√© Celso 7 de julho de 2023,
2025-04-02T10:55:04Z,Atividade de Produ√ß√£o em Libras A03,No passado eu n√£o gostava de comer de manh√£. Hoje eu gosto de comer de manh√£ suco de laranja com mam√£o todos os dias ...
2025-03-20T02:38:32Z,Opini√£o filos√≥fica,
2022-12-16T02:01:06Z,amiguinho,
2025-04-02T10:55:36Z,Atividade de Produ√ß√£o em Libras A09,De segunda a sexta Giovane estuda e trabalha. A fruta que Giovane mais gosta √© ma√ßa. Ele gosta de suco de ma√ßa.
2025-04-02T10:55:25Z,Atividade de Produ√ß√£o em Libras A06,"Minha m√£e se chama Maria Dulce de Siqueira Quissak Pereira e tem a idade de 71, meu pai se chama Jos√© Oswaldo Quissak ..."
2023-09-24T22:37:07Z,Nestor,V√≠deo de Lu√≠s Quissak.
2020-06-11T16:05:11Z,A intelig√™ncia artificial no caminho do cognitivismo da representa√ß√£o ao dinamismo do Dasein,Cr√≠tica de Dreyfus ao cognitivismo pela via heideggeriana.
2025-04-02T10:55:33Z,Atividade de Produ√ß√£o em Libras A08,O cavalo √© mais forte que o pato. O pato √© melhor que o cavalo.
2024-08-02T15:38:37Z,toca o hino!!,
2025-02-21T22:37:04Z,Apontar n√£o √© nada,"O texto discute como usamos a linguagem para dar significado √†s coisas, diferenciando o ato de apontar para objetos concretos ..."
2023-10-23T00:34:29Z,"Guido, cueira",
2020-09-20T12:43:51Z,Trazendo a segunda pessoa para o debate,Refer√™ncias: https://www.reflexoesdofilosofo.blog.br/2020/09/trazendo-segunda-pessoa-para-o-debate.html ...
2024-08-24T20:30:54Z,refor√ßo,
2024-10-11T22:12:23Z,searle contra dennett,Este v√≠deo foi criado com o Clipchamp.
2020-06-06T12:40:36Z,Bacurau US,
2025-03-17T21:55:15Z,assuma,
2025-02-18T02:41:04Z,Torcendo a realidade,
2023-07-08T03:33:52Z,Z√© de volta pra o oficina (4),
2025-04-02T10:55:03Z,Atividade de Produ√ß√£o em Libras A02,"Segunda, ter√ßa, quarta, quinta e sexta eu trabalho. Segunda e quarta de noite estudo. Ter√ßa, quinta e sexta, descanso. S√°bado e ..."
2024-01-04T00:43:02Z,priva√ß√£o automotiva,"a vizinha de vaga tem treta com o condom√≠nio e estaciona muito fora dos limites, da√≠ que n√£o conseguimos tirar o carro e nem ..."
2022-03-19T12:19:20Z,caipira 22,caipira SLP 28/02/22.
2017-07-22T17:41:05Z,Armo√ßo brasa,
2023-10-03T03:05:36Z,Introdu√ß√£o Filosofia da Linguagem,
2024-09-21T14:54:16Z,IA com vi√©s filos√≥fico,passada de olho na IA com pitada filos√≥fica.
2024-08-24T20:21:58Z,trinca 2,
2020-06-13T02:14:41Z,"June 12, 2020",
2025-01-28T14:03:44Z,Peed kees,
2023-07-08T03:33:47Z,Z√© de volta pra o oficina (3),
2014-08-17T18:30:46Z,bando di loco,porcada indo para pacaembu.
2014-05-22T03:23:45Z,greve 2014,assembl√©ia de estudantes decide pela greve.
2023-08-11T21:30:52Z,"Eu falo e voc√™ me ouve, mas entende  ‚Äê Feito com o Clipchamp",
2023-07-08T03:34:00Z,Z√© de volta pra o oficina (2),
2024-07-24T22:10:59Z,M√°quinas que pensam,Voltando ao tema da IA forte.
2021-01-17T18:47:38Z,Vacina dia V,
2022-10-25T23:21:16Z,TUCA 24/10/22,Ato Lula Haddad.
2022-03-26T22:25:34Z,descendo,
2020-06-02T16:48:22Z,Lives Divino SLP 2020 Leandro,
2025-04-02T10:13:34Z,Nos bra√ßos,
2025-01-08T02:31:06Z,2025 chegou,
2024-01-05T02:55:39Z,√â verdade?,"elucubra√ß√µes de linguagem e realidade, o mais engra√ßado √© que o template que usei do clipchamp √© uma ""duplica√ß√£o"" da ..."
2022-03-19T12:12:03Z,os menino 6 3 22,
2024-08-24T01:35:41Z,trinca,
2022-03-19T12:10:14Z,os menino 6/3/22,
2022-03-19T11:54:58Z,lei da selva - 18/03/22,
2024-11-27T23:11:37Z,Sensor,
2024-02-03T15:52:24Z,&quot;A neve √© branca&quot; sse a neve √© branca,"plinio smith, rorty, davidson, barrio, stroud - come√ßando esses treco."
2022-09-08T22:59:17Z,em Uba Uba campe√£o,
2022-03-19T12:02:46Z,casa chuva 15/03/2022,
2018-12-22T05:45:45Z,Festinha priv√™ n√£o me chamaram,
2022-03-19T12:04:53Z,casa chuva 15 03 22,
2024-11-15T14:57:41Z,"11 13 2024, 6 47 34 PM   gosth in the machine",Mito cartesiano Doutrina Oficial Corpo: publico Mente: privado: conhecimento indubit√°vel ‚Äì suspens√£o do ju√≠zo Exterior x interior: ...
2021-01-23T20:38:30Z,fiu fiu temos vac,
2022-08-22T12:34:14Z,passeio de bike da turma,
2024-05-01T02:27:43Z,"ceticismo, circularidade e terapia",
2023-12-09T13:56:29Z,fidibuteco - sem voz...,"registrando um pensamento... desconexo e talvez sem sentido, mas possa ser que se possa extrair uma coisa ou outra ou nada."
2025-04-02T10:55:21Z,O existencialismo √© um humanismo,
2023-09-02T15:18:46Z,introdu√ß√£o indexicais resenha costa,
2022-10-25T23:17:49Z,TUCA 24/10/22,Ato Lula Haddad.
2024-12-27T14:55:24Z,Pitacos em Filosofia Moral - Kant e Schopenhauer,Este documento tem como objetivo apresentar uma an√°lise comparativa das filosofias morais de Immanuel Kant e Arthur ...
2018-12-22T05:45:45Z,Festinha priv√™ n√£o me chamaram,
2025-02-22T19:16:21Z,SLP em SP bitelo,
2024-04-01T01:21:04Z,Cavalaria Guaratinguet√° 2024,
2024-04-01T01:23:43Z,Prociss√£o S√£o Benedito 2024,
2024-01-07T18:39:55Z,adeus Zagallo,SporTV ao vivo.
