class|url
Liberdade|gs://blog-files-2024/all/pdf2/2013-11-08_Liberdade.pdf
Epistemologia|gs://blog-files-2024/all/pdf2/2013-11-23_História.pdf
Crônica|gs://blog-files-2024/all/pdf2/2013-11-28_Fase.pdf
Epistemologia|gs://blog-files-2024/all/pdf2/2013-12-06_Estrutura.pdf
Epistemologia|gs://blog-files-2024/all/pdf2/2013-12-07_Possibilidade.pdf
Ética|gs://blog-files-2024/all/pdf2/2013-12-15_Legumes_e_Verduras.pdf
Ontologia Social|gs://blog-files-2024/all/pdf2/2013-12-16_Poeira_Social.pdf
Ontologia Social|gs://blog-files-2024/all/pdf2/2014-01-16_O_outro_e_o_sorrir.pdf
Tecnologia|gs://blog-files-2024/all/pdf2/2014-01-27_Comunicação_Virtual.pdf
Epistemologia|gs://blog-files-2024/all/pdf2/2014-02-08_Cavalidade.pdf
Marxismo|gs://blog-files-2024/all/pdf2/2014-03-08_Consumo.pdf
Ética|gs://blog-files-2024/all/pdf2/2014-03-12_Tzvetan,_Pondé,_Safatle.pdf
Linguagem|gs://blog-files-2024/all/pdf2/2014-03-18_Falas.pdf
Ética|gs://blog-files-2024/all/pdf2/2014-04-25_Argumentação.pdf
Ética|gs://blog-files-2024/all/pdf2/2014-04-27_decisão.pdf
Ética|gs://blog-files-2024/all/pdf2/2014-05-02_Mundos_Possíveis.pdf
Ética|gs://blog-files-2024/all/pdf2/2014-05-10_Alguém.pdf
Crônica|gs://blog-files-2024/all/pdf2/2014-05-17_Olhar-se.pdf
Política|gs://blog-files-2024/all/pdf2/2014-05-29_Greve,_2014.pdf
Política|gs://blog-files-2024/all/pdf2/2014-06-16_Vai_tomar_no_cú.pdf
Crônica|gs://blog-files-2024/all/pdf2/2014-06-28_A_Dama_e_o_vagabundo.pdf
Crônica|gs://blog-files-2024/all/pdf2/2014-07-16_Em_um_boteco_real_de_copacabana.pdf
Crônica|gs://blog-files-2024/all/pdf2/2014-08-02_Dinheiro.pdf
Epistemologia|gs://blog-files-2024/all/pdf2/2014-08-23_Reverberação.pdf
Marxismo|gs://blog-files-2024/all/pdf2/2014-08-28_O_valor_da_teoria_marxista.pdf
Ética|gs://blog-files-2024/all/pdf2/2014-08-31_Série_3_perguntas,_eu_respondo..pdf
Psicanálise|gs://blog-files-2024/all/pdf2/2014-09-21_Há_muito_por_fazer.pdf
Psicanálise|gs://blog-files-2024/all/pdf2/2014-09-26_Patologia.pdf
Epistemologia|gs://blog-files-2024/all/pdf2/2014-09-28_Um_pouco_de_ficção.pdf
Marxismo|gs://blog-files-2024/all/pdf2/2014-10-08_Marx_para_jovens..pdf
Marxismo|gs://blog-files-2024/all/pdf2/2014-10-10_Few_words_about_marxism.pdf
Linguagem|gs://blog-files-2024/all/pdf2/2014-10-11_Engatinhando_na_linguagem,_filosoficamente.pdf
Epistemologia|gs://blog-files-2024/all/pdf2/2014-10-19_Mauthner_e_o_mundo_fenomênico.pdf
Política|gs://blog-files-2024/all/pdf2/2014-11-04_Corrupção.pdf
Política|gs://blog-files-2024/all/pdf2/2014-11-15_Mídia.pdf
Ontologia Social|gs://blog-files-2024/all/pdf2/2014-11-20_Um.pdf
Epistemologia|gs://blog-files-2024/all/pdf2/2014-11-21_A_Biblioteca_de_Babel.pdf
Educação|gs://blog-files-2024/all/pdf2/2014-12-17_A_filosofia_e_os_professores_sob_o_olhar_de_Adorno.pdf
Crônica|gs://blog-files-2024/all/pdf2/2014-12-18_Arte_popular.pdf
Mente|gs://blog-files-2024/all/pdf2/2014-12-20_Elasticidade.pdf
Psicanálise|gs://blog-files-2024/all/pdf2/2014-12-30_A_questão_não_é_que_o_real_seja_impossível,_mas_que_o_impossível_é_real_.pdf
Educação|gs://blog-files-2024/all/pdf2/2015-01-06_Colocando_água_no_capital_cultural_.pdf
Liberdade|gs://blog-files-2024/all/pdf2/2015-01-10_Je_suis_Charlie_.pdf
Ética|gs://blog-files-2024/all/pdf2/2015-01-24_O_sistema_e_eu.pdf
Epistemologia|gs://blog-files-2024/all/pdf2/2015-02-22_Intuição_e_Sensação.pdf
Ética|gs://blog-files-2024/all/pdf2/2015-02-28_O_direito_de_não_ter_e_não_fazer.pdf
Educação|gs://blog-files-2024/all/pdf2/2015-03-12_Ideologia_e_Educação.pdf
Educação|gs://blog-files-2024/all/pdf2/2015-03-29_Mestre_Provisório_.pdf
Ética|gs://blog-files-2024/all/pdf2/2015-04-04_Pessoas_perfeitas.pdf
Educação|gs://blog-files-2024/all/pdf2/2015-04-05_Contra_EAD._Uma_análise_no_uso_das_tecnologias_na_relação_sujeito-objeto,_ou,_pr.pdf
Epistemologia|gs://blog-files-2024/all/pdf2/2015-04-07_Intuição_e_dedução.pdf
Epistemologia|gs://blog-files-2024/all/pdf2/2015-04-11_Infinito.pdf
Educação|gs://blog-files-2024/all/pdf2/2015-04-15_Resenha_das_Orientações_Curriculares_para_o_Ensino_Médio,_ano_2006..pdf
Epistemologia|gs://blog-files-2024/all/pdf2/2015-04-18_Bicho_Homem.pdf
Epistemologia|gs://blog-files-2024/all/pdf2/2015-04-24_Movimento_Fenomenológico_.pdf
Educação|gs://blog-files-2024/all/pdf2/2015-05-01_Aula_de_Didática_.pdf
Epistemologia|gs://blog-files-2024/all/pdf2/2015-05-06_Distanciamento_e_intimidade_com_o_mundo_.pdf
Crônica|gs://blog-files-2024/all/pdf2/2015-05-09_Do_buraco_a_filosofia_saiu_e_no_buraco_ela_ficou.pdf
Epistemologia|gs://blog-files-2024/all/pdf2/2015-05-19_Breve_comentário_sobre_a_religião.pdf
Epistemologia|gs://blog-files-2024/all/pdf2/2015-05-22_Ciência_do_pensamento.pdf
Crônica|gs://blog-files-2024/all/pdf2/2015-05-23_Dificuldades.pdf
Poesia|gs://blog-files-2024/all/pdf2/2015-06-19_A_Filosofia_como_objeto.pdf
Crônica|gs://blog-files-2024/all/pdf2/2015-06-27_A_Morte.pdf
Educação|gs://blog-files-2024/all/pdf2/2015-07-10_A_necessidade_da_filosofia.pdf
Ética|gs://blog-files-2024/all/pdf2/2015-07-14_Dois_condicionantes_para_uma_pseudo_análise_social.pdf
Epistemologia|gs://blog-files-2024/all/pdf2/2015-07-18_Como_economizar_energia_mental_.pdf
Epistemologia|gs://blog-files-2024/all/pdf2/2015-07-22_Crença_cética_.pdf
Crônica|gs://blog-files-2024/all/pdf2/2015-07-29_Lixo.pdf
Linguagem|gs://blog-files-2024/all/pdf2/2015-08-01_Fala_que_eu_te_escuto.pdf
Ética|gs://blog-files-2024/all/pdf2/2015-08-12_O_princípio_de_nossas_ações.pdf
Epistemologia|gs://blog-files-2024/all/pdf2/2015-08-17_Empirismo_lógico_.pdf
Epistemologia|gs://blog-files-2024/all/pdf2/2015-08-26_Ceticismo_alegre_e_modesto_.pdf
Epistemologia|gs://blog-files-2024/all/pdf2/2015-08-29_Camadas_de_artificialidade.pdf
Psicanálise|gs://blog-files-2024/all/pdf2/2015-09-09_Desconstruindo_o_sujeito_.pdf
Linguagem|gs://blog-files-2024/all/pdf2/2015-09-13_Bando_de_loucos.pdf
Psicanálise|gs://blog-files-2024/all/pdf2/2015-09-13_Como_reconhecer_o_estruturalismo_.pdf
Epistemologia|gs://blog-files-2024/all/pdf2/2015-10-04_A_fenomenologia_e_a_guinada_transcendental_.pdf
Epistemologia|gs://blog-files-2024/all/pdf2/2015-10-04_Hume_anti_cartesiano_.pdf
Política|gs://blog-files-2024/all/pdf2/2015-10-08_Política_sem_sujeito.pdf
Ética|gs://blog-files-2024/all/pdf2/2015-10-09_Limpeza_de_terreno.pdf
Marxismo|gs://blog-files-2024/all/pdf2/2015-10-12_AIE_Escola_.pdf
Ética|gs://blog-files-2024/all/pdf2/2015-10-15_Dri.pdf
Epistemologia|gs://blog-files-2024/all/pdf2/2015-10-19_Hume_e_a_teoria_das_probabilidades.pdf
Psicanálise|gs://blog-files-2024/all/pdf2/2015-10-26_Depurando_o_sujeito.pdf
Crônica|gs://blog-files-2024/all/pdf2/2015-11-17_Considerações_sobre_esse_blog.pdf
Ética|gs://blog-files-2024/all/pdf2/2015-11-21_Nossos_valores.pdf
Ética|gs://blog-files-2024/all/pdf2/2015-12-11_Sarah_e_o_devir_besouro_.pdf
Psicanálise|gs://blog-files-2024/all/pdf2/2015-12-18_D&G_.pdf
Epistemologia|gs://blog-files-2024/all/pdf2/2015-12-26_Platão_à_guisa_de_introdução.pdf
Ética|gs://blog-files-2024/all/pdf2/2015-12-27_Da_noção_de_utilidade_humana_.pdf
Crônica|gs://blog-files-2024/all/pdf2/2015-12-31_Reclusão_de_fim_de_ano.pdf
Psicanálise|gs://blog-files-2024/all/pdf2/2016-01-09_Estruturas_inconscientes_transcendentes_que_determinam_o_homem_.pdf
Crônica|gs://blog-files-2024/all/pdf2/2016-02-15_Minuto_de_silêncio.pdf
Psicanálise|gs://blog-files-2024/all/pdf2/2016-02-18_Projeto_Capitalismo_e_Esquizofrenia_.pdf
Ética|gs://blog-files-2024/all/pdf2/2016-02-21_Tênue_Razão_.pdf
Ética|gs://blog-files-2024/all/pdf2/2016-02-23_Pontuando_a_moral_kantiana_.pdf
Mente|gs://blog-files-2024/all/pdf2/2016-02-28_Haveria_independência_entre_a_mente_e_o_comportamento__.pdf
Mente|gs://blog-files-2024/all/pdf2/2016-03-04_Dá_para_desatar_o_nó_do_mundo__.pdf
Epistemologia|gs://blog-files-2024/all/pdf2/2016-03-06_Crítica_da_Razão_Pura_-_Prefácio_da_Tradução_Portuguesa_.pdf
Epistemologia|gs://blog-files-2024/all/pdf2/2016-03-09_Forma_e_substância_-_um_ensaio_aristotélico_meio_kantiano_.pdf
Epistemologia|gs://blog-files-2024/all/pdf2/2016-03-13_Prefácio_da_Segunda_Edição_.pdf
Política|gs://blog-files-2024/all/pdf2/2016-03-15_Essência_verde_e_amarela.pdf
Epistemologia|gs://blog-files-2024/all/pdf2/2016-04-05_Plotino,_exegeta_de_Aristóteles_.pdf
Mente|gs://blog-files-2024/all/pdf2/2016-04-08_Notas_sobre_o_paralelismo_psicofísico_.pdf
Ética|gs://blog-files-2024/all/pdf2/2016-04-21_Transição_da_Metafísica_dos_Costumes_para_a_Crítica_da_Razão_Prática_Pura_.pdf
Epistemologia|gs://blog-files-2024/all/pdf2/2016-04-23_Mundo_sem_qualidades_.pdf
Mente|gs://blog-files-2024/all/pdf2/2016-05-23_A_informação_como_lei_da_consciência_.pdf
Mente|gs://blog-files-2024/all/pdf2/2016-05-27_Sobre_a_molécula_ideagênica_produtora_de_consciência_.pdf
Psicanálise|gs://blog-files-2024/all/pdf2/2016-05-30_Culpa_e_desespero_-_esboço.pdf
Mente|gs://blog-files-2024/all/pdf2/2016-06-01_Considerações_gerais_sobre_a_Filosofia_da_Mente.pdf
Epistemologia|gs://blog-files-2024/all/pdf2/2016-06-02_Um_caminho_para_a_liberdade_em_Kant.pdf
Epistemologia|gs://blog-files-2024/all/pdf2/2016-06-24_Teologia_aristotélica_.pdf
Ética|gs://blog-files-2024/all/pdf2/2016-06-25_Introdução_ao_fundamento_da_moral_em_Schopenhauer.pdf
Ética|gs://blog-files-2024/all/pdf2/2016-06-30_Kant_e_o_passe_de_mágica_na_base_do_imperativo_categórico_.pdf
Ética|gs://blog-files-2024/all/pdf2/2016-07-02_O_auto_dever_é_uma_aberração,_segundo_Schopenhauer_.pdf
Ética|gs://blog-files-2024/all/pdf2/2016-07-03_Os_erros_morais_kantianos_e_dos_kantianos_.pdf
Política|gs://blog-files-2024/all/pdf2/2016-07-27_Liberdade_Política.pdf
Política|gs://blog-files-2024/all/pdf2/2016-08-10_É_preciso_fazer_algo_pelo_mundo_.pdf
Psicanálise|gs://blog-files-2024/all/pdf2/2016-09-03_Cinco_lições_de_psicanálise_.pdf
Epistemologia|gs://blog-files-2024/all/pdf2/2016-09-04_Qual_a_classe_morfológica_da_filosofia__Verbo_ou_substantivo__.pdf
Psicanálise|gs://blog-files-2024/all/pdf2/2016-09-15_O_que_é_estrutural.pdf
Ética|gs://blog-files-2024/all/pdf2/2016-09-17_Discurso_laureado.pdf
Crônica|gs://blog-files-2024/all/pdf2/2016-09-18_Muitos_domingos.pdf
Psicanálise|gs://blog-files-2024/all/pdf2/2016-09-26_Desenvolvimento_ou_constituição_do_sujeito_(do_desejo)_.pdf
Linguagem|gs://blog-files-2024/all/pdf2/2016-10-02_Uma_nova_imagem.pdf
Crônica|gs://blog-files-2024/all/pdf2/2016-10-15_O_homem_e_a_rua_e_a_rua_e_o_homem.pdf
Psicanálise|gs://blog-files-2024/all/pdf2/2016-10-22_Escola_é_melhor_do_que_lidar_com_merda_.pdf
Antropologia|gs://blog-files-2024/all/pdf2/2016-11-04_Lar,_doce_lar.pdf
Ética|gs://blog-files-2024/all/pdf2/2016-11-23_O_existencialismo_é_um_humanismo_.pdf
Epistemologia|gs://blog-files-2024/all/pdf2/2016-12-23_Movimento_filosófico.pdf
Epistemologia|gs://blog-files-2024/all/pdf2/2016-12-31_Feliz_2017_.pdf
Crônica|gs://blog-files-2024/all/pdf2/2017-01-07_Entre_o_positivo_e_o_negativo.pdf
Epistemologia|gs://blog-files-2024/all/pdf2/2017-01-13_Empírico_e_Racional.pdf
Filosofia|gs://blog-files-2024/all/pdf2/2017-01-19_Atitude_filosófica_.pdf
Crônica|gs://blog-files-2024/all/pdf2/2017-01-22_Um_sentimento.pdf
Epistemologia|gs://blog-files-2024/all/pdf2/2017-01-29_Só_uma_resposta.pdf
Epistemologia|gs://blog-files-2024/all/pdf2/2017-02-13_Convergência.pdf
Ética|gs://blog-files-2024/all/pdf2/2017-02-21_Deus,_ou_seja,_a_Natureza[1]_.pdf
Epistemologia|gs://blog-files-2024/all/pdf2/2017-03-19_Entre_o_discreto_e_o_contínuo.pdf
Política|gs://blog-files-2024/all/pdf2/2017-03-22_Leviatã,_I,_XVI_.pdf
Crônica|gs://blog-files-2024/all/pdf2/2017-04-08_Incômodo_.pdf
Política|gs://blog-files-2024/all/pdf2/2017-04-12_A_dinâmica_de_forças_que_se_opõe_à_luta_de_todos_contra_todos_.pdf
Marxismo|gs://blog-files-2024/all/pdf2/2017-05-07_A_lei_sobre_o_furto_de_madeira_e_o_direito_dos_pobres_.pdf
Marxismo|gs://blog-files-2024/all/pdf2/2017-05-09_Dialética_sobredeterminada_.pdf
Política|gs://blog-files-2024/all/pdf2/2017-06-17_Nas_masmorras_do_poder.pdf
Crônica|gs://blog-files-2024/all/pdf2/2017-09-14_Colação_de_grau.pdf
Política|gs://blog-files-2024/all/pdf2/2017-09-30_A_corrupção_do_homem_.pdf
Política|gs://blog-files-2024/all/pdf2/2017-11-05_Nada_mudou_.pdf
Ética|gs://blog-files-2024/all/pdf2/2017-12-21_Pós[-meta].pdf
Ética|gs://blog-files-2024/all/pdf2/2018-01-06_Da_definição_de_liberdade_no_Livre-arbítrio_.pdf
Ética|gs://blog-files-2024/all/pdf2/2018-01-11_Que_se_entende_por_consciência_.pdf
Epistemologia|gs://blog-files-2024/all/pdf2/2018-01-21_Uma_história_de_exclusão_na_filosofia_.pdf
Crônica|gs://blog-files-2024/all/pdf2/2018-01-30_Terra_Brasilis_-_a_vida_como_ela_é.pdf
Epistemologia|gs://blog-files-2024/all/pdf2/2018-02-08_Corpos_dóceis_e_rentáveis_.pdf
Epistemologia|gs://blog-files-2024/all/pdf2/2018-02-24_A_deliberação_humana_.pdf
Mente|gs://blog-files-2024/all/pdf2/2018-03-02_Não_estamos_no_comando.pdf
Mente|gs://blog-files-2024/all/pdf2/2018-03-09_Introdução_ao_epifenomenalismo.pdf
Epistemologia|gs://blog-files-2024/all/pdf2/2018-03-20_Os_qualia_.pdf
Tecnologia|gs://blog-files-2024/all/pdf2/2018-04-20_Proliferação_plural_progressista.pdf
Ética|gs://blog-files-2024/all/pdf2/2018-04-30_Aparato_Terra_Dois_.pdf
Ética|gs://blog-files-2024/all/pdf2/2018-05-27_Paradigmas_do_século_XXI[i].pdf
Tecnologia|gs://blog-files-2024/all/pdf2/2018-06-05_Ciência_de_Dados.pdf
Mente|gs://blog-files-2024/all/pdf2/2018-06-06_Compatibilizando_os_qualias_com_o_fisicalismo_.pdf
Epistemologia|gs://blog-files-2024/all/pdf2/2018-06-08_Idealista.pdf
Crônica|gs://blog-files-2024/all/pdf2/2018-07-06_Nosso_Neymar.pdf
Crônica|gs://blog-files-2024/all/pdf2/2018-08-15_Uma_simples_equação.pdf
Crônica|gs://blog-files-2024/all/pdf2/2018-09-05_Respirar_e_seguir.pdf
Crônica|gs://blog-files-2024/all/pdf2/2018-09-12_bichinho_perdido.pdf
Crônica|gs://blog-files-2024/all/pdf2/2018-09-22_Intersecção.pdf
Liberdade|gs://blog-files-2024/all/pdf2/2018-10-14_Que_é_escrever__.pdf
Política|gs://blog-files-2024/all/pdf2/2018-10-29_O_deus_brasileiro_é_fake.pdf
Epistemologia|gs://blog-files-2024/all/pdf2/2018-12-20_Genealogia_e_Arqueologia_[i].pdf
Crônica|gs://blog-files-2024/all/pdf2/2018-12-21_Lé_com_cré.pdf
Ética|gs://blog-files-2024/all/pdf2/2019-01-05_Fé_na_Festa_.pdf
Epistemologia|gs://blog-files-2024/all/pdf2/2019-01-30_O_pragmatismo_de_Putnam[1].pdf
Linguagem|gs://blog-files-2024/all/pdf2/2019-02-27_Como_resolver_problemas_filosóficos_.pdf
Educação|gs://blog-files-2024/all/pdf2/2019-03-24_Didática_e_Pedagogia_do_Exame_.pdf
Ética|gs://blog-files-2024/all/pdf2/2019-04-10_Abrangência.pdf
Epistemologia|gs://blog-files-2024/all/pdf2/2019-04-16_O_mundo_não_existe[i].pdf
Epistemologia|gs://blog-files-2024/all/pdf2/2019-04-24_O_espaço_físico_[i].pdf
Epistemologia|gs://blog-files-2024/all/pdf2/2019-05-18_Ideias_de_Deus_.pdf
Epistemologia|gs://blog-files-2024/all/pdf2/2019-05-23_Acerca_da_dúvida.pdf
Epistemologia|gs://blog-files-2024/all/pdf2/2019-05-30_Sobre_a_indução_.pdf
Epistemologia|gs://blog-files-2024/all/pdf2/2019-06-08_Princípios_lógicos_.pdf
Epistemologia|gs://blog-files-2024/all/pdf2/2019-06-23_A_mente_que_liga_o_mundo_.pdf
Epistemologia|gs://blog-files-2024/all/pdf2/2019-06-26_Russell_platônico[i].pdf
Epistemologia|gs://blog-files-2024/all/pdf2/2019-07-06_O_conhecimento_a_priori_lida_com_relações_universais[i].pdf
Epistemologia|gs://blog-files-2024/all/pdf2/2019-07-15_Graus_de_autoevidência_.pdf
Epistemologia|gs://blog-files-2024/all/pdf2/2019-07-16_A_unidade_complexa_de_Russell_.pdf
Epistemologia|gs://blog-files-2024/all/pdf2/2019-08-26_Do_conhecimento_à_opinião_há_erro_.pdf
Epistemologia|gs://blog-files-2024/all/pdf2/2019-09-15_Criticismo_Filosófico_[i].pdf
Epistemologia|gs://blog-files-2024/all/pdf2/2019-09-30_Cidadãos_do_Universo_.pdf
Marxismo|gs://blog-files-2024/all/pdf2/2019-10-19_Repouso[i].pdf
Crônica|gs://blog-files-2024/all/pdf2/2019-11-30_Parasita[i].pdf
Epistemologia|gs://blog-files-2024/all/pdf2/2019-12-05_Sobre_mesa[i].pdf
Crônica|gs://blog-files-2024/all/pdf2/2020-01-16_Filosofia_da_Sobrevivência.pdf
Mente|gs://blog-files-2024/all/pdf2/2020-01-26_A_consciência_da_ginoide[i].pdf
Mente|gs://blog-files-2024/all/pdf2/2020-01-28_The_soul_is_just_a_function_.pdf
Epistemologia|gs://blog-files-2024/all/pdf2/2020-02-12_Preliminares_da_teoria_da_identidade.pdf
Epistemologia|gs://blog-files-2024/all/pdf2/2020-02-19__Duas_acepções_de_identidade[i].pdf
Mente|gs://blog-files-2024/all/pdf2/2020-03-03_The_consciousness_of_the_Universe[i].pdf
Mente|gs://blog-files-2024/all/pdf2/2020-03-03_Uma_consciência,_uma_dificuldade.pdf
Epistemologia|gs://blog-files-2024/all/pdf2/2020-03-08_Emergentismo.pdf
Mente|gs://blog-files-2024/all/pdf2/2020-03-14_Is_there_afterlife_[i].pdf
Epistemologia|gs://blog-files-2024/all/pdf2/2020-03-25_Critérios_de_Mesmidade[i].pdf
Política|gs://blog-files-2024/all/pdf2/2020-03-26_Terraplanismo.pdf
Poesia|gs://blog-files-2024/all/pdf2/2020-03-28_Não_tem_ninguém_na_rua.pdf
Mente|gs://blog-files-2024/all/pdf2/2020-04-01_Decoupling_the_decision[i].pdf
Crônica|gs://blog-files-2024/all/pdf2/2020-04-07_Nunca_fomos_tão_burgueses.pdf
Epistemologia|gs://blog-files-2024/all/pdf2/2020-04-10_A_consciência_subjetiva_é_parte_da_realidade_.pdf
Mente|gs://blog-files-2024/all/pdf2/2020-04-14_The_Equator_Line[i].pdf
Poesia|gs://blog-files-2024/all/pdf2/2020-04-18_Xô_coronga.pdf
Mente|gs://blog-files-2024/all/pdf2/2020-04-27_Introdução_à_intencionalidade_em_Searle[i].pdf
Epistemologia|gs://blog-files-2024/all/pdf2/2020-04-28_Forget_to_learn_about_consciousness_for_a_while[i].pdf
Epistemologia|gs://blog-files-2024/all/pdf2/2020-05-02_Psicologia_Popular_.pdf
Mente|gs://blog-files-2024/all/pdf2/2020-05-09_Mente_gorda_ou_mente_magra_.pdf
Epistemologia|gs://blog-files-2024/all/pdf2/2020-05-25_O_MITO_DE_DESCARTES[i].pdf
Mente|gs://blog-files-2024/all/pdf2/2020-05-30_Searle_on_Intentionality[i].pdf
Liberdade|gs://blog-files-2024/all/pdf2/2020-06-18_Livre_direito_de_manifestação.pdf
Epistemologia|gs://blog-files-2024/all/pdf2/2020-06-29_A_crença_primordial_na_realidade_do_mundo[i].pdf
Crônica|gs://blog-files-2024/all/pdf2/2020-07-09_Quebrar_as_máquinas.pdf
Epistemologia|gs://blog-files-2024/all/pdf2/2020-07-21_A_Filosofia_e_o_conceito.pdf
Epistemologia|gs://blog-files-2024/all/pdf2/2020-07-28_Guia_introdutório_ao_pensamento_kantiano[i].pdf
Epistemologia|gs://blog-files-2024/all/pdf2/2020-08-16_O_mistério_das_coisas.pdf
Ética|gs://blog-files-2024/all/pdf2/2020-08-22__A_religião_é_a_merda_do_povo.pdf
Poesia|gs://blog-files-2024/all/pdf2/2020-09-03_Muita_live.pdf
Linguagem|gs://blog-files-2024/all/pdf2/2020-09-06_Trazendo_a_segunda_pessoa_para_o_debate.pdf
Linguagem|gs://blog-files-2024/all/pdf2/2020-09-14_Wittgenstein_e_a_teoria_da_figuração.pdf
Linguagem|gs://blog-files-2024/all/pdf2/2020-10-03_Linguagem_Referencial.pdf
Mente|gs://blog-files-2024/all/pdf2/2020-10-08_Meu_ego.pdf
Epistemologia|gs://blog-files-2024/all/pdf2/2020-10-18_O_programa_do_positivismo_lógico_[i].pdf
Epistemologia|gs://blog-files-2024/all/pdf2/2020-11-02_Quine_e_os_problemas_do_positivismo_lógico_.pdf
Epistemologia|gs://blog-files-2024/all/pdf2/2020-12-03_Informação_gödeliana_anti-IA.pdf
Ciência|gs://blog-files-2024/all/pdf2/2020-12-23_Sobre_a_plasticidade_cerebral_e_outros_princípios_de_seu_funcionamento_interno.pdf
Ética|gs://blog-files-2024/all/pdf2/2020-12-24_Sentido_de_uma_vida_incrédula.pdf
Epistemologia|gs://blog-files-2024/all/pdf2/2021-01-29_Kant,_Kant,_Kant.pdf
Epistemologia|gs://blog-files-2024/all/pdf2/2021-01-31_A_solução_da_terceira_antinomia_na_Crítica_da_razão_pura[i].pdf
Linguagem|gs://blog-files-2024/all/pdf2/2021-02-01_A_mente_algorítmica.pdf
Mente|gs://blog-files-2024/all/pdf2/2021-02-09_Behaviorismo_de_Skinner[i].pdf
Epistemologia|gs://blog-files-2024/all/pdf2/2021-02-11_A_disseminação_da_atitude_científica_pelo_Círculo_de_Viena.pdf
Epistemologia|gs://blog-files-2024/all/pdf2/2021-02-15_Aufbau.pdf
Epistemologia|gs://blog-files-2024/all/pdf2/2021-02-16_Introdução_panorâmica_à_filosofia_e_sociologia_da_ciência_do_século_XX.pdf
Tecnologia|gs://blog-files-2024/all/pdf2/2021-02-23_Curto_panorama_da_Filosofia_da_Tecnologia.pdf
Tecnologia|gs://blog-files-2024/all/pdf2/2021-02-26_O_que_você_tem_na_mão_.pdf
Tecnologia|gs://blog-files-2024/all/pdf2/2021-03-01_Do__creatio_ex_nihilo__ao__reductio_at_nihil_.pdf
Epistemologia|gs://blog-files-2024/all/pdf2/2021-03-03_Ciência,_técnica_e_realidade.pdf
Epistemologia|gs://blog-files-2024/all/pdf2/2021-03-05_Uma_introdução_ao_pensamento_de_Álvaro_Vieira_Pinto.pdf
Tecnologia|gs://blog-files-2024/all/pdf2/2021-03-06_Catálogo_tecnológico.pdf
Tecnologia|gs://blog-files-2024/all/pdf2/2021-03-07_O_despertar_de_um_sono_profundamente_dogmático.pdf
Tecnologia|gs://blog-files-2024/all/pdf2/2021-03-13_Elogio_da_Técnica.pdf
Epistemologia|gs://blog-files-2024/all/pdf2/2021-03-14_Girando_em_torno_da_metafísica.pdf
Epistemologia|gs://blog-files-2024/all/pdf2/2021-03-16_O_homem_maravilhado.pdf
Tecnologia|gs://blog-files-2024/all/pdf2/2021-03-17_As_circunstâncias_da_vida.pdf
Tecnologia|gs://blog-files-2024/all/pdf2/2021-03-27_Em_busca_das_práticas_focais.pdf
Epistemologia|gs://blog-files-2024/all/pdf2/2021-04-02_A_matemática_e_a_metafísica_grega.pdf
Tecnologia|gs://blog-files-2024/all/pdf2/2021-04-03_A_era_tecnológica_como_ideologia.pdf
Tecnologia|gs://blog-files-2024/all/pdf2/2021-04-04_Breve_olhar_de_Heidegger_sobre_a_técnica.pdf
Tecnologia|gs://blog-files-2024/all/pdf2/2021-04-10_Uma_visão_otimista_da_filosofia_da_tecnologia.pdf
Epistemologia|gs://blog-files-2024/all/pdf2/2021-04-13_Causalidade,_acaso_e_necessidade_em_Aristóteles.pdf
Tecnologia|gs://blog-files-2024/all/pdf2/2021-04-19_Para_uma_filosofia_da_tecnologia_autêntica.pdf
Tecnologia|gs://blog-files-2024/all/pdf2/2021-04-22_Tecnologia,_um_dilema.pdf
Tecnologia|gs://blog-files-2024/all/pdf2/2021-04-24_Quando_a_técnica_extrapola_seu_valor_moral.pdf
Ciência|gs://blog-files-2024/all/pdf2/2021-05-02_Sobre_o_útero_máquina.pdf
Epistemologia|gs://blog-files-2024/all/pdf2/2021-05-08_Primeiro_se_crê,_depois_se_prova_que_há_razão_em_crer.pdf
Tecnologia|gs://blog-files-2024/all/pdf2/2021-05-11_O_projeto_que_transforma_a_realidade_material.pdf
Tecnologia|gs://blog-files-2024/all/pdf2/2021-05-15_Para_uma_educação_técnica,_que_compreenda_a_evolução_do_objeto.pdf
Epistemologia|gs://blog-files-2024/all/pdf2/2021-05-19_Apropriação.pdf
Tecnologia|gs://blog-files-2024/all/pdf2/2021-05-29_Sobre_a_relação_imanente_entre_univocidade_técnica_e_multiplicidade_tecnológica.pdf
Epistemologia|gs://blog-files-2024/all/pdf2/2021-06-04_Filosofia_além_do_tempo.pdf
Epistemologia|gs://blog-files-2024/all/pdf2/2021-06-06_O_Critério_Renascentista_da_Verdade,_a_visão_direta.pdf
Crônica|gs://blog-files-2024/all/pdf2/2021-06-11_Tecnomedo.pdf
Tecnologia|gs://blog-files-2024/all/pdf2/2021-06-13_Sobre_uma_era_tecnológica_que_sempre_exisitiu.pdf
Tecnologia|gs://blog-files-2024/all/pdf2/2021-06-19_Lewis_Mumford_e_a_visão_histórica_da_tecnologia.pdf
Crônica|gs://blog-files-2024/all/pdf2/2021-06-23_Fuja!.pdf
Tecnologia|gs://blog-files-2024/all/pdf2/2021-06-24_Sobre_relações_tecnológicas.pdf
Epistemologia|gs://blog-files-2024/all/pdf2/2021-07-06_Sobre_a_evolução_científica_da_antiguidade_ao_renascimento.pdf
História|gs://blog-files-2024/all/pdf2/2021-07-10_Renascimento_-_um_parênteses_na_história.pdf
Tecnologia|gs://blog-files-2024/all/pdf2/2021-07-11_Catálogo_de_autores_da_Filosofia_da_Tecnologia_-_primeira_lista.pdf
Tecnologia|gs://blog-files-2024/all/pdf2/2021-07-13_Em_face_da_“era_tecnológica”.pdf
Tecnologia|gs://blog-files-2024/all/pdf2/2021-07-21_Em_busca_do_método_mais_eficaz.pdf
Epistemologia|gs://blog-files-2024/all/pdf2/2021-07-22_Primeiro_se_concebe_com_a_mente.pdf
Tecnologia|gs://blog-files-2024/all/pdf2/2021-07-27_Essência_Tecnológica.pdf
Tecnologia|gs://blog-files-2024/all/pdf2/2021-07-31_A_máquina_como_construção_social.pdf
Ética|gs://blog-files-2024/all/pdf2/2021-08-26_Mediação_e_sua_ausência.pdf
Tecnologia|gs://blog-files-2024/all/pdf2/2021-08-28_Democracia_Tecnológica.pdf
Epistemologia|gs://blog-files-2024/all/pdf2/2021-09-06_O_tema_do_Regresso_da_Alma_em_Agostinho.pdf
Ontologia Social|gs://blog-files-2024/all/pdf2/2021-09-15_Ciborgues_e__espécies_companheiras__contra_a_hegemonia_do_homem_tradicional-libe.pdf
Educação|gs://blog-files-2024/all/pdf2/2021-09-19_Pedagogia_do_Oprimido_-_Prefácio_#pf100.pdf
Crônica|gs://blog-files-2024/all/pdf2/2021-09-22_Um_vírus.pdf
Antropologia|gs://blog-files-2024/all/pdf2/2021-09-26_A_mão_que_liberta,_lidera._Mas,_até_quando_.pdf
Marxismo|gs://blog-files-2024/all/pdf2/2021-09-30_Kant,_Hegel,_Marx_-_Anotações.pdf
Crônica|gs://blog-files-2024/all/pdf2/2021-10-02_Pós-verdade_.pdf
Tecnologia|gs://blog-files-2024/all/pdf2/2021-10-10_IA_na_base_da_antítese_homem-máquina.pdf
Tecnologia|gs://blog-files-2024/all/pdf2/2021-10-12_IA_na_base_da_antítese_homem-máquina.pdf
Tecnologia|gs://blog-files-2024/all/pdf2/2021-10-24_Dataficação_da_vida.pdf
Epistemologia|gs://blog-files-2024/all/pdf2/2021-11-08_A_identidade_de_Vênus,_segundo_Frege.pdf
Epistemologia|gs://blog-files-2024/all/pdf2/2021-11-11_Notas_sobre_Ockham.pdf
Tecnologia|gs://blog-files-2024/all/pdf2/2021-11-15_Um_debate_sobre_privacidade_e_segurança_a_partir_dos_vazamentos_de_Snowden.pdf
Epistemologia|gs://blog-files-2024/all/pdf2/2021-11-24_Seita_do_aquecimento.pdf
Epistemologia|gs://blog-files-2024/all/pdf2/2021-11-28_If_you_see_something_say_something.pdf
Crônica|gs://blog-files-2024/all/pdf2/2021-12-19_Cidade_.pdf
Ciência|gs://blog-files-2024/all/pdf2/2021-12-24_Químicos_orgânicos_em_Marte.pdf
Epistemologia|gs://blog-files-2024/all/pdf2/2021-12-31_There's_only_Gaia_but_Gaia_is_not_One.pdf
Ciência|gs://blog-files-2024/all/pdf2/2022-01-10_Base_física_do_efeito_estufa_e_aquecimento_global.pdf
Epistemologia|gs://blog-files-2024/all/pdf2/2022-01-19_O_Antropoceno_e_a_nossa_visão_de_mundo.pdf
Linguagem|gs://blog-files-2024/all/pdf2/2022-01-26_Introdução_ao_processamento_de_linguagem_natural.pdf
Linguagem|gs://blog-files-2024/all/pdf2/2022-02-07_Níveis_de_processamento_linguístico.pdf
Epistemologia|gs://blog-files-2024/all/pdf2/2022-04-05_A_pedra_fundadora_da_sociologia_da_ciência.pdf
Epistemologia|gs://blog-files-2024/all/pdf2/2022-04-25_A_nossa_teoria_sobre_como_o_mundo_é.pdf
Linguagem|gs://blog-files-2024/all/pdf2/2022-04-28_Frege,_filósofo_da_linguagem_.pdf
Epistemologia|gs://blog-files-2024/all/pdf2/2022-05-04_Sentido_e_Ref._-_Frege.pdf
Linguagem|gs://blog-files-2024/all/pdf2/2022-05-16_Além_da_referência,_o_sentido.pdf
Linguagem|gs://blog-files-2024/all/pdf2/2022-05-17_O_problema_de_Frege.pdf
Epistemologia|gs://blog-files-2024/all/pdf2/2022-05-21_Valor_Cognitivo_(by_Frege).pdf
Linguagem|gs://blog-files-2024/all/pdf2/2022-06-02_Referência_Indireta_e_Humanidade.pdf
Linguagem|gs://blog-files-2024/all/pdf2/2022-06-24_unidade_semântica.pdf
Crônica|gs://blog-files-2024/all/pdf2/2022-06-28_Segunda_problema.pdf
Linguagem|gs://blog-files-2024/all/pdf2/2022-07-16_Do_nome_à_descrição_definida_dele.pdf
Epistemologia|gs://blog-files-2024/all/pdf2/2022-07-30_Fontes_iniciais_da_filosofia_analítica.pdf
Ciência|gs://blog-files-2024/all/pdf2/2022-08-05_Paraíso_verde.pdf
Linguagem|gs://blog-files-2024/all/pdf2/2022-08-13_Comunicação_com_compromisso_e_restrição_pessoal.pdf
Linguagem|gs://blog-files-2024/all/pdf2/2022-08-20_Papagaio.pdf
Linguagem|gs://blog-files-2024/all/pdf2/2022-09-17_Significado_e_Referência.pdf
Linguagem|gs://blog-files-2024/all/pdf2/2022-10-31_Filosofia_da_linguagem_-_introdução_e_referência.pdf
Linguagem|gs://blog-files-2024/all/pdf2/2022-11-19_Introdução_ao_Significado.pdf
Linguagem|gs://blog-files-2024/all/pdf2/2022-12-11_A_estratégia_de_Ian_Hacking_para_a_filosofia_da_linguagem.pdf
Linguagem|gs://blog-files-2024/all/pdf2/2022-12-11_Referencialismo.pdf
Linguagem|gs://blog-files-2024/all/pdf2/2022-12-12_Susto_Linguístico.pdf
Linguagem|gs://blog-files-2024/all/pdf2/2023-01-07_NP_PN.pdf
Linguagem|gs://blog-files-2024/all/pdf2/2023-01-16_O_discurso_mental_de_Thomas_Hobbes.pdf
Linguagem|gs://blog-files-2024/all/pdf2/2023-02-08_a_linguagem_e_a_velha_dualidade_.pdf
Linguagem|gs://blog-files-2024/all/pdf2/2023-02-09_Descritivismo.pdf
Linguagem|gs://blog-files-2024/all/pdf2/2023-02-28_Argumentos_contrários_ao_descritivismo.pdf
Linguagem|gs://blog-files-2024/all/pdf2/2023-03-28_Teoria_Causal_da_Referência.pdf
Linguagem|gs://blog-files-2024/all/pdf2/2023-05-11_Anotações_Livro_Azul.pdf
Linguagem|gs://blog-files-2024/all/pdf2/2023-05-16_Prefácio_Livro_Azul.pdf
Linguagem|gs://blog-files-2024/all/pdf2/2023-06-11_Autoimagem_compartilhada.pdf
Linguagem|gs://blog-files-2024/all/pdf2/2023-06-19_O_esse_do_concreto_ao_universal.pdf
Linguagem|gs://blog-files-2024/all/pdf2/2023-06-30_Quem_é_o_homem_no_canto_da_sala_bebendo_martini_.pdf
Epistemologia|gs://blog-files-2024/all/pdf2/2023-07-03_Representação_e_Correspondência.pdf
Linguagem|gs://blog-files-2024/all/pdf2/2023-07-04_Significado_relativo.pdf
Linguagem|gs://blog-files-2024/all/pdf2/2023-07-24_Teorias_semânticas_da_entidade.pdf
Linguagem|gs://blog-files-2024/all/pdf2/2023-08-05_Teorias_semânticas_do_uso.pdf
Linguagem|gs://blog-files-2024/all/pdf2/2023-08-31_Eu,_aqui,_agora.pdf
Linguagem|gs://blog-files-2024/all/pdf2/2023-09-05_Por_este_meio.pdf
Epistemologia|gs://blog-files-2024/all/pdf2/2023-09-23_Gavagai.pdf
Linguagem|gs://blog-files-2024/all/pdf2/2023-09-26_Filosofia_da_linguagem_tripartite.pdf
Epistemologia|gs://blog-files-2024/all/pdf2/2023-11-17_Teses_quineanas.pdf
Linguagem|gs://blog-files-2024/all/pdf2/2023-11-18_A_semântica_da_pós-verdade_no_discurso_ordinário.pdf
Epistemologia|gs://blog-files-2024/all/pdf2/2023-11-28_Carnap_e_o_princípio_da_tolerância.pdf
Epistemologia|gs://blog-files-2024/all/pdf2/2023-11-29_O_empirismo_sem_dogmas_de_Quine.pdf
Linguagem|gs://blog-files-2024/all/pdf2/2023-12-09_filosofia_da_linguagem,_diagrama.pdf
Epistemologia|gs://blog-files-2024/all/pdf2/2023-12-19_Putnam_e_a_objetividade_do_conhecimento.pdf
Epistemologia|gs://blog-files-2024/all/pdf2/2023-12-19_“Eu_vi_uma_árvore”_e_o_princípio_de_uma_metafísica_esquálida[i].pdf
Epistemologia|gs://blog-files-2024/all/pdf2/2024-01-07_O_etnocentrismo_de_Rorty.pdf
Epistemologia|gs://blog-files-2024/all/pdf2/2024-01-19_Breves_ideias_sobre_Locke,_Berkeley,_árvores_e_Deus.pdf
Epistemologia|gs://blog-files-2024/all/pdf2/2024-01-20_As_ideias_de_Port_Royal.pdf
Epistemologia|gs://blog-files-2024/all/pdf2/2024-01-26_As_abstrações_do_Bispo_Berkeley.pdf
Linguagem|gs://blog-files-2024/all/pdf2/2024-02-20_Teoria_do_significado_de_ninguém.pdf
Linguagem|gs://blog-files-2024/all/pdf2/2024-03-03_Hacking_-_estratégia_e_apogeu_das_ideias.pdf
Linguagem|gs://blog-files-2024/all/pdf2/2024-03-04_O_inatismo_de_Noam_Chomsky.pdf
Epistemologia|gs://blog-files-2024/all/pdf2/2024-03-09_O_conhecimento_por_familiaridade_de_Bertrand_Russell.pdf
Linguagem|gs://blog-files-2024/all/pdf2/2024-03-12_O_problema_fundamental_da_gramática.pdf
Epistemologia|gs://blog-files-2024/all/pdf2/2024-04-07_Pesquisa_sobre_a_atitude_filosófica_cética.pdf
Epistemologia|gs://blog-files-2024/all/pdf2/2024-04-09_Filosofia_e_busca_da_verdade.pdf
Epistemologia|gs://blog-files-2024/all/pdf2/2024-04-11_Habilidade_Cética.pdf
Epistemologia|gs://blog-files-2024/all/pdf2/2024-04-15_Positividade_Cética.pdf
Epistemologia|gs://blog-files-2024/all/pdf2/2024-04-29_Pelo_fim_das_opiniões_filosóficas.pdf
Crônica|gs://blog-files-2024/all/pdf2/2024-05-26_Dois_pensamentos_da_Flig_2024.pdf
Linguagem|gs://blog-files-2024/all/pdf2/2024-05-31_Me_da_o_contexto.pdf
Ética|gs://blog-files-2024/all/pdf2/2024-06-08_Dogma..._Pra_quê_.pdf
Linguagem|gs://blog-files-2024/all/pdf2/2024-06-22_Um_problema_de_linguagem.pdf
Linguagem|gs://blog-files-2024/all/pdf2/2024-06-24_Apontar_não_é_nada.pdf
Linguagem|gs://blog-files-2024/all/pdf2/2024-06-27_Manga_não_é_manga.pdf
Mente|gs://blog-files-2024/all/pdf2/2024-07-09_Nova-mente.pdf
Linguagem|gs://blog-files-2024/all/pdf2/2024-07-13_Qual_é_a_regra_.pdf
Tecnologia|gs://blog-files-2024/all/pdf2/2024-07-14_Máquinas_que_pensam.pdf
Mente|gs://blog-files-2024/all/pdf2/2024-08-20_A_terceira_margem_do_rio.pdf
Mente|gs://blog-files-2024/all/pdf2/2024-09-09_Prevendo_previsões.pdf
Mente|gs://blog-files-2024/all/pdf2/2024-09-17_Uma_teoria_da_mente.pdf
Ciência|gs://blog-files-2024/all/pdf2/2024-09-21_IA_negacionista.pdf
Mente|gs://blog-files-2024/all/pdf2/2024-10-06_Searle_contra_Dennett_.pdf
Mente|gs://blog-files-2024/all/pdf2/2024-10-19_Comprimindo_sistemas_complexos.pdf
Mente|gs://blog-files-2024/all/pdf2/2024-11-02_Alma_em_conflito.pdf
Epistemologia|gs://blog-files-2024/all/pdf2/2024-11-03_Alma_feliz.pdf
Ética|gs://blog-files-2024/all/pdf2/2024-11-09_Repetição_e_esquecimento.pdf
Mente|gs://blog-files-2024/all/pdf2/2024-11-15_Revisitando_o_mito_cartesiano.pdf
Mente|gs://blog-files-2024/all/pdf2/2024-11-18_Uma_narrativa_da_mente.pdf
Epistemologia|gs://blog-files-2024/all/pdf2/2024-11-20_O_vermelho_não_tem_cor.pdf
Mente|gs://blog-files-2024/all/pdf2/2024-11-30_Os_argumentos_da_princesa.pdf
Mente|gs://blog-files-2024/all/pdf2/2024-12-01_O_peso_da_consciência.pdf
