name|title|url
Reflexões do Filósofo (de rua)|O peso da consciência|http://www.reflexoesdofilosofo.blog.br/2024/12/o-peso-da-consciencia.html
Reflexões do Filósofo (de rua)|Os argumentos da princesa|http://www.reflexoesdofilosofo.blog.br/2024/11/os-argumentos-da-princesa.html
Reflexões do Filósofo (de rua)|O vermelho não tem cor|http://www.reflexoesdofilosofo.blog.br/2024/11/o-vermelho-nao-tem-cor.html
Reflexões do Filósofo (de rua)|Uma narrativa da mente|http://www.reflexoesdofilosofo.blog.br/2024/11/uma-narrativa-da-mente.html
Reflexões do Filósofo (de rua)|Revisitando o mito cartesiano|http://www.reflexoesdofilosofo.blog.br/2024/11/revisitando-o-mito-cartesiano.html
Reflexões do Filósofo (de rua)|Repetição e esquecimento|http://www.reflexoesdofilosofo.blog.br/2024/11/repeticao-e-esquecimento.html
Reflexões do Filósofo (de rua)|Alma feliz|http://www.reflexoesdofilosofo.blog.br/2024/11/alma-feliz.html
Reflexões do Filósofo (de rua)|Alma em conflito|http://www.reflexoesdofilosofo.blog.br/2024/11/alma-em-conflito.html
Reflexões do Filósofo (de rua)|Comprimindo sistemas complexos|http://www.reflexoesdofilosofo.blog.br/2024/10/comprimindo-sistemas-complexos.html
Reflexões do Filósofo (de rua)|Searle contra Dennett*|http://www.reflexoesdofilosofo.blog.br/2024/10/searle-contra-dennett.html
Reflexões do Filósofo (de rua)|IA negacionista|http://www.reflexoesdofilosofo.blog.br/2024/09/ia-negacionista.html
Reflexões do Filósofo (de rua)|Uma teoria da mente|http://www.reflexoesdofilosofo.blog.br/2024/09/uma-teoria-da-mente.html
Reflexões do Filósofo (de rua)|Prevendo previsões|http://www.reflexoesdofilosofo.blog.br/2024/09/prevendo-previsoes.html
Reflexões do Filósofo (de rua)|A terceira margem do rio|http://www.reflexoesdofilosofo.blog.br/2024/08/a-terceira-margem-do-rio.html
Reflexões do Filósofo (de rua)|Máquinas que pensam|http://www.reflexoesdofilosofo.blog.br/2024/07/maquinas-que-pensam.html
Reflexões do Filósofo (de rua)|Qual é a regra?|http://www.reflexoesdofilosofo.blog.br/2024/07/qual-e-regra.html
Reflexões do Filósofo (de rua)|Nova-mente|http://www.reflexoesdofilosofo.blog.br/2024/07/nova-mente.html
Reflexões do Filósofo (de rua)|Manga não é manga|http://www.reflexoesdofilosofo.blog.br/2024/06/manga-nao-e-manga.html
Reflexões do Filósofo (de rua)|Apontar não é nada|http://www.reflexoesdofilosofo.blog.br/2024/06/apontar-nao-e-nada.html
Reflexões do Filósofo (de rua)|Um problema de linguagem|http://www.reflexoesdofilosofo.blog.br/2024/06/um-problema-de-linguagem.html
Reflexões do Filósofo (de rua)|Dogma... Pra quê?|http://www.reflexoesdofilosofo.blog.br/2024/06/dogma-pra-que.html
Reflexões do Filósofo (de rua)|Me da o contexto|http://www.reflexoesdofilosofo.blog.br/2024/05/me-da-o-contexto.html
Reflexões do Filósofo (de rua)|Dois pensamentos da Flig 2024|http://www.reflexoesdofilosofo.blog.br/2024/05/dois-pensamentos-da-flig-2024.html
Reflexões do Filósofo (de rua)|Pelo fim das opiniões filosóficas|http://www.reflexoesdofilosofo.blog.br/2024/04/pelo-fim-das-opinioes-filosoficas.html
Reflexões do Filósofo (de rua)|Positividade Cética|http://www.reflexoesdofilosofo.blog.br/2024/04/positividade-cetica.html
Reflexões do Filósofo (de rua)|Habilidade Cética|http://www.reflexoesdofilosofo.blog.br/2024/04/habilidade-cetica.html
Reflexões do Filósofo (de rua)|Filosofia e busca da verdade|http://www.reflexoesdofilosofo.blog.br/2024/04/filosofia-e-busca-da-verdade.html
Reflexões do Filósofo (de rua)|Pesquisa sobre a atitude filosófica cética|http://www.reflexoesdofilosofo.blog.br/2024/04/pesquisa-sobre-atitude-filosofica-cetica.html
Reflexões do Filósofo (de rua)|O problema fundamental da gramática|http://www.reflexoesdofilosofo.blog.br/2024/03/o-problema-fundamental-da-gramatica.html
Reflexões do Filósofo (de rua)|O conhecimento por familiaridade de Bertrand Russell|http://www.reflexoesdofilosofo.blog.br/2024/03/o-conhecimento-por-familiaridade-de.html
Reflexões do Filósofo (de rua)|O inatismo de Noam Chomsky|http://www.reflexoesdofilosofo.blog.br/2024/03/o-inatismo-de-noam-chomsky.html
Reflexões do Filósofo (de rua)|Hacking - estratégia e apogeu das ideias|http://www.reflexoesdofilosofo.blog.br/2024/03/hacking-estrategia-e-apogeu-das-ideias.html
Reflexões do Filósofo (de rua)|Teoria do significado de ninguém|http://www.reflexoesdofilosofo.blog.br/2024/02/teoria-do-significado-de-ninguem.html
Reflexões do Filósofo (de rua)|As abstrações do Bispo Berkeley|http://www.reflexoesdofilosofo.blog.br/2024/01/as-abstracoes-do-bispo-berkeley.html
Reflexões do Filósofo (de rua)|As ideias de Port Royal|http://www.reflexoesdofilosofo.blog.br/2024/01/as-ideias-de-port-royal.html
Reflexões do Filósofo (de rua)|Breves ideias sobre Locke, Berkeley, árvores e Deus|http://www.reflexoesdofilosofo.blog.br/2024/01/breves-ideias-sobre-locke-berkeley.html
Reflexões do Filósofo (de rua)|O etnocentrismo de Rorty|http://www.reflexoesdofilosofo.blog.br/2024/01/o-etnocentrismo-de-rorty.html
Reflexões do Filósofo (de rua)|“Eu vi uma árvore” e o princípio de uma metafísica esquálida[i]|http://www.reflexoesdofilosofo.blog.br/2023/12/eu-vi-uma-arvore-e-o-principio-de-uma.html
Reflexões do Filósofo (de rua)|Putnam e a objetividade do conhecimento|http://www.reflexoesdofilosofo.blog.br/2023/12/putnam-e-objetividade-do-conhecimento.html
Reflexões do Filósofo (de rua)|filosofia da linguagem, diagrama|http://www.reflexoesdofilosofo.blog.br/2023/12/filosofia-da-linguagem-diagrama.html
Reflexões do Filósofo (de rua)|O empirismo sem dogmas de Quine|http://www.reflexoesdofilosofo.blog.br/2023/11/o-empirismo-sem-dogmas-de-quine.html
Reflexões do Filósofo (de rua)|Carnap e o princípio da tolerância|http://www.reflexoesdofilosofo.blog.br/2023/11/carnap-e-o-principio-da-tolerancia.html
Reflexões do Filósofo (de rua)|A semântica da pós-verdade no discurso ordinário|http://www.reflexoesdofilosofo.blog.br/2023/11/a-semantica-da-pos-verdade-no-discurso.html
Reflexões do Filósofo (de rua)|Teses quineanas|http://www.reflexoesdofilosofo.blog.br/2023/11/teses-quineanas.html
Reflexões do Filósofo (de rua)|Filosofia da linguagem tripartite|http://www.reflexoesdofilosofo.blog.br/2023/09/filosofia-da-linguagem-tripartite.html
Reflexões do Filósofo (de rua)|Gavagai|http://www.reflexoesdofilosofo.blog.br/2023/09/gavagai.html
Reflexões do Filósofo (de rua)|Por este meio|http://www.reflexoesdofilosofo.blog.br/2023/09/por-este-meio.html
Reflexões do Filósofo (de rua)|Eu, aqui, agora|http://www.reflexoesdofilosofo.blog.br/2023/08/eu-aqui-agora.html
Reflexões do Filósofo (de rua)|Teorias semânticas do uso|http://www.reflexoesdofilosofo.blog.br/2023/08/teorias-semanticas-do-uso.html
Reflexões do Filósofo (de rua)|Teorias semânticas da entidade|http://www.reflexoesdofilosofo.blog.br/2023/07/teorias-semanticas-da-entidade.html
Reflexões do Filósofo (de rua)|Significado relativo|http://www.reflexoesdofilosofo.blog.br/2023/07/significado-relativo.html
Reflexões do Filósofo (de rua)|Representação e Correspondência|http://www.reflexoesdofilosofo.blog.br/2023/07/representacao-e-correspondencia.html
Reflexões do Filósofo (de rua)|Quem é o homem no canto da sala bebendo martini?|http://www.reflexoesdofilosofo.blog.br/2023/06/quem-e-o-homem-no-canto-da-sala-bebendo.html
Reflexões do Filósofo (de rua)|O esse do concreto ao universal|http://www.reflexoesdofilosofo.blog.br/2023/06/o-esse-do-concreto-ao-universal.html
Reflexões do Filósofo (de rua)|Autoimagem compartilhada|http://www.reflexoesdofilosofo.blog.br/2023/06/autoimagem-compartilhada.html
Reflexões do Filósofo (de rua)|Prefácio Livro Azul|http://www.reflexoesdofilosofo.blog.br/2023/05/prefacio-livro-azul.html
Reflexões do Filósofo (de rua)|Anotações Livro Azul|http://www.reflexoesdofilosofo.blog.br/2023/05/anotacoes-livro-azul.html
Reflexões do Filósofo (de rua)|Teoria Causal da Referência|http://www.reflexoesdofilosofo.blog.br/2023/03/teoria-causal-da-referencia.html
Reflexões do Filósofo (de rua)|Argumentos contrários ao descritivismo|http://www.reflexoesdofilosofo.blog.br/2023/02/argumentos-contrarios-ao-descritivismo.html
Reflexões do Filósofo (de rua)|Descritivismo|http://www.reflexoesdofilosofo.blog.br/2023/02/descritivismo.html
Reflexões do Filósofo (de rua)|a linguagem e a velha dualidade |http://www.reflexoesdofilosofo.blog.br/2023/02/a-linguagem-e-velha-dualidade.html
Reflexões do Filósofo (de rua)|Substituição de nomes: um problema para a teoria referencialista do significado|http://www.reflexoesdofilosofo.blog.br/2023/01/substituicao-de-nomes-um-problema-para.html
Reflexões do Filósofo (de rua)|O discurso mental de Thomas Hobbes|http://www.reflexoesdofilosofo.blog.br/2023/01/o-discurso-mental-de-thomas-hobbes.html
Reflexões do Filósofo (de rua)|NP PN|http://www.reflexoesdofilosofo.blog.br/2023/01/np-pn.html
Reflexões do Filósofo (de rua)|Susto Linguístico|http://www.reflexoesdofilosofo.blog.br/2022/12/susto-linguistico.html
Reflexões do Filósofo (de rua)|Referencialismo|http://www.reflexoesdofilosofo.blog.br/2022/12/referencialismo.html
Reflexões do Filósofo (de rua)|A estratégia de Ian Hacking para a filosofia da linguagem|http://www.reflexoesdofilosofo.blog.br/2022/12/a-estrategia-de-ian-hacking-para.html
Reflexões do Filósofo (de rua)|Introdução ao Significado|http://www.reflexoesdofilosofo.blog.br/2022/11/introducao-ao-significado.html
Reflexões do Filósofo (de rua)|Filosofia da linguagem - introdução e referência|http://www.reflexoesdofilosofo.blog.br/2022/10/filosofia-da-linguagem-introducao-e.html
Reflexões do Filósofo (de rua)|Significado e Referência|http://www.reflexoesdofilosofo.blog.br/2022/09/significado-e-referencia.html
Reflexões do Filósofo (de rua)|Papagaio|http://www.reflexoesdofilosofo.blog.br/2022/08/papagaio.html
Reflexões do Filósofo (de rua)|Comunicação com compromisso e restrição pessoal|http://www.reflexoesdofilosofo.blog.br/2022/08/comunicacao-com-compromisso-e-restricao.html
Reflexões do Filósofo (de rua)|Paraíso verde|http://www.reflexoesdofilosofo.blog.br/2022/08/paraiso-verde.html
Reflexões do Filósofo (de rua)|Fontes iniciais da filosofia analítica|http://www.reflexoesdofilosofo.blog.br/2022/07/fontes-iniciais-da-filosofia-analitica.html
Reflexões do Filósofo (de rua)|Do nome à descrição definida dele|http://www.reflexoesdofilosofo.blog.br/2022/07/do-nome-descricao-definida-dele.html
Reflexões do Filósofo (de rua)|Segunda problema|http://www.reflexoesdofilosofo.blog.br/2022/06/segunda-problema.html
Reflexões do Filósofo (de rua)|unidade semântica|http://www.reflexoesdofilosofo.blog.br/2022/06/unidade-semantica.html
Reflexões do Filósofo (de rua)|Referência Indireta e Humanidade|http://www.reflexoesdofilosofo.blog.br/2022/06/referencia-indireta-e-humanidade.html
Reflexões do Filósofo (de rua)|Valor Cognitivo (by Frege)|http://www.reflexoesdofilosofo.blog.br/2022/05/valor-cognitivo-by-frege.html
Reflexões do Filósofo (de rua)|O problema de Frege|http://www.reflexoesdofilosofo.blog.br/2022/05/o-problema-de-frege.html
Reflexões do Filósofo (de rua)|Além da referência, o sentido|http://www.reflexoesdofilosofo.blog.br/2022/05/alem-da-referencia-o-sentido.html
Reflexões do Filósofo (de rua)|Sentido e Ref. - Frege|http://www.reflexoesdofilosofo.blog.br/2022/05/sentido-e-ref-frege.html
Reflexões do Filósofo (de rua)|Frege, filósofo da linguagem?|http://www.reflexoesdofilosofo.blog.br/2022/04/frege-filosofo-da-linguagem.html
Reflexões do Filósofo (de rua)|A nossa teoria sobre como o mundo é|http://www.reflexoesdofilosofo.blog.br/2022/04/a-nossa-teoria-sobre-como-o-mundo-e.html
Reflexões do Filósofo (de rua)|A pedra fundadora da sociologia da ciência|http://www.reflexoesdofilosofo.blog.br/2022/04/a-pedra-fundadora-da-sociologia-da.html
Reflexões do Filósofo (de rua)|Níveis de processamento linguístico|http://www.reflexoesdofilosofo.blog.br/2022/02/niveis-de-processamento-linguistico.html
Reflexões do Filósofo (de rua)|Introdução ao processamento de linguagem natural|http://www.reflexoesdofilosofo.blog.br/2022/01/introducao-ao-processamento-de.html
Reflexões do Filósofo (de rua)|O Antropoceno e a nossa visão de mundo|http://www.reflexoesdofilosofo.blog.br/2022/01/o-antropoceno-e-nossa-visao-de-mundo.html
Reflexões do Filósofo (de rua)|Base física do efeito estufa e aquecimento global|http://www.reflexoesdofilosofo.blog.br/2022/01/base-fisica-do-efeito-estufa-e.html
Reflexões do Filósofo (de rua)|There's only Gaia but Gaia is not One|http://www.reflexoesdofilosofo.blog.br/2021/12/theres-only-gaia-but-gaia-is-not-one.html
Reflexões do Filósofo (de rua)|Químicos orgânicos em Marte|http://www.reflexoesdofilosofo.blog.br/2021/12/quimicos-organicos-em-marte.html
Reflexões do Filósofo (de rua)|Cidade*|http://www.reflexoesdofilosofo.blog.br/2021/12/cidade.html
Reflexões do Filósofo (de rua)|If you see something say something|http://www.reflexoesdofilosofo.blog.br/2021/11/if-you-see-something-say-something.html
Reflexões do Filósofo (de rua)|Seita do aquecimento|http://www.reflexoesdofilosofo.blog.br/2021/11/seita-do-aquecimento.html
Reflexões do Filósofo (de rua)|Um debate sobre privacidade e segurança a partir dos vazamentos de Snowden|http://www.reflexoesdofilosofo.blog.br/2021/11/um-debate-sobre-privacidade-e-seguranca.html
Reflexões do Filósofo (de rua)|Notas sobre Ockham|http://www.reflexoesdofilosofo.blog.br/2021/11/notas-sobre-ockham.html
Reflexões do Filósofo (de rua)|A identidade de Vênus, segundo Frege|http://www.reflexoesdofilosofo.blog.br/2021/11/a-identidade-de-venus-segundo-frege.html
Reflexões do Filósofo (de rua)|Dataficação da vida|http://www.reflexoesdofilosofo.blog.br/2021/10/dataficacao-da-vida.html
Reflexões do Filósofo (de rua)|IA na base da antítese homem-máquina|http://www.reflexoesdofilosofo.blog.br/2021/10/ia-na-base-da-antitese-homem-maquina.html
Reflexões do Filósofo (de rua)|/\(?eu [-|=>]>? \(?tecnologia\)? [-|=>]>? \(?-? ?mundo\)?/gm*|http://www.reflexoesdofilosofo.blog.br/2021/10/eu-tecnologia-mundogm.html
Reflexões do Filósofo (de rua)|A incudora técnica: uma crítica ao humanismo|http://www.reflexoesdofilosofo.blog.br/2021/10/a-incudora-tecnica-uma-critica-ao.html
Reflexões do Filósofo (de rua)|Pós-verdade?|http://www.reflexoesdofilosofo.blog.br/2021/10/pos-verdade.html
Reflexões do Filósofo (de rua)|Kant, Hegel, Marx - Anotações|http://www.reflexoesdofilosofo.blog.br/2021/09/kant-hegel-marx-anotacoes.html
Reflexões do Filósofo (de rua)|A mão que liberta, lidera. Mas, até quando?|http://www.reflexoesdofilosofo.blog.br/2021/09/a-mao-que-liberta-lidera-mas-ate-quando.html
Reflexões do Filósofo (de rua)|Um vírus|http://www.reflexoesdofilosofo.blog.br/2021/09/um-virus.html
Reflexões do Filósofo (de rua)|Pedagogia do Oprimido - Prefácio #pf100|http://www.reflexoesdofilosofo.blog.br/2021/09/pedagogia-do-oprimido-prefacio-pf100.html
Reflexões do Filósofo (de rua)|Ciborgues e "espécies companheiras" contra a hegemonia do homem tradicional-liberal|http://www.reflexoesdofilosofo.blog.br/2021/09/ciborgues-e-especies-companheiras.html
Reflexões do Filósofo (de rua)|Materialidade e sociedade: tendências sociotécnicas em tecnologias móveis|http://www.reflexoesdofilosofo.blog.br/2021/09/materialidade-e-sociedade-tendencias.html
Reflexões do Filósofo (de rua)|O tema do Regresso da Alma em Agostinho|http://www.reflexoesdofilosofo.blog.br/2021/09/o-tema-do-regresso-da-alma-em-agostinho.html
Reflexões do Filósofo (de rua)|Democracia Tecnológica|http://www.reflexoesdofilosofo.blog.br/2021/08/democracia-tecnologica.html
Reflexões do Filósofo (de rua)|Mediação e sua ausência|http://www.reflexoesdofilosofo.blog.br/2021/08/mediacao-e-sua-ausencia.html
Reflexões do Filósofo (de rua)|A máquina como construção social|http://www.reflexoesdofilosofo.blog.br/2021/07/a-maquina-como-construcao-social.html
Reflexões do Filósofo (de rua)|Essência Tecnológica|http://www.reflexoesdofilosofo.blog.br/2021/07/essencia-tecnologica.html
Reflexões do Filósofo (de rua)|Primeiro se concebe com a mente|http://www.reflexoesdofilosofo.blog.br/2021/07/primeiro-se-concebe-com-mente.html
Reflexões do Filósofo (de rua)|Em busca do método mais eficaz|http://www.reflexoesdofilosofo.blog.br/2021/07/em-busca-do-metodo-mais-eficaz.html
Reflexões do Filósofo (de rua)|Em face da “era tecnológica”|http://www.reflexoesdofilosofo.blog.br/2021/07/em-face-da-era-tecnologica.html
Reflexões do Filósofo (de rua)|Catálogo de autores da Filosofia da Tecnologia - primeira lista|http://www.reflexoesdofilosofo.blog.br/2021/07/catalogo-de-autores-da-filosofia-da.html
Reflexões do Filósofo (de rua)|Renascimento - um parênteses na história|http://www.reflexoesdofilosofo.blog.br/2021/07/renascimento-um-parenteses-na-historia.html
Reflexões do Filósofo (de rua)|Sobre a evolução científica da antiguidade ao renascimento|http://www.reflexoesdofilosofo.blog.br/2021/07/sobre-evolucao-cientifica-da.html
Reflexões do Filósofo (de rua)|Sobre relações tecnológicas|http://www.reflexoesdofilosofo.blog.br/2021/06/sobre-relacoes-tecnologicas.html
Reflexões do Filósofo (de rua)|Fuja!|http://www.reflexoesdofilosofo.blog.br/2021/06/fuja.html
Reflexões do Filósofo (de rua)|Lewis Mumford e a visão histórica da tecnologia|http://www.reflexoesdofilosofo.blog.br/2021/06/lewis-mumford-e-visao-historica-da.html
Reflexões do Filósofo (de rua)|Sobre uma era tecnológica que sempre exisitiu|http://www.reflexoesdofilosofo.blog.br/2021/06/sobre-uma-era-tecnologica-que-sempre.html
Reflexões do Filósofo (de rua)|Tecnomedo|http://www.reflexoesdofilosofo.blog.br/2021/06/tecnomedo.html
Reflexões do Filósofo (de rua)|O Critério Renascentista da Verdade, a visão direta|http://www.reflexoesdofilosofo.blog.br/2021/06/o-criterio-renascentista-da-verdade.html
Reflexões do Filósofo (de rua)|Filosofia além do tempo|http://www.reflexoesdofilosofo.blog.br/2021/06/filosofia-alem-do-tempo.html
Reflexões do Filósofo (de rua)|Sobre a relação imanente entre univocidade técnica e multiplicidade tecnológica|http://www.reflexoesdofilosofo.blog.br/2021/05/sobre-relacao-imanente-entre.html
Reflexões do Filósofo (de rua)|Apropriação|http://www.reflexoesdofilosofo.blog.br/2021/05/apropriacao.html
Reflexões do Filósofo (de rua)|Para uma educação técnica, que compreenda a evolução do objeto|http://www.reflexoesdofilosofo.blog.br/2021/05/para-uma-educacao-tecnica.html
Reflexões do Filósofo (de rua)|O projeto que transforma a realidade material|http://www.reflexoesdofilosofo.blog.br/2021/05/o-projeto-que-transforma-realidade.html
Reflexões do Filósofo (de rua)|Primeiro se crê, depois se prova que há razão em crer|http://www.reflexoesdofilosofo.blog.br/2021/05/primeiro-se-cre-depois-se-prova-que-ha.html
Reflexões do Filósofo (de rua)|Sobre o útero máquina|http://www.reflexoesdofilosofo.blog.br/2021/05/sobre-o-utero-maquina.html
Reflexões do Filósofo (de rua)|Quando a técnica extrapola seu valor moral|http://www.reflexoesdofilosofo.blog.br/2021/04/quando-tecnica-extrapola-seu-valor-moral.html
Reflexões do Filósofo (de rua)|Tecnologia, um dilema|http://www.reflexoesdofilosofo.blog.br/2021/04/tecnologia-um-dilema.html
Reflexões do Filósofo (de rua)|Para uma filosofia da tecnologia autêntica|http://www.reflexoesdofilosofo.blog.br/2021/04/para-uma-filosofia-da-tecnologia.html
Reflexões do Filósofo (de rua)|Causalidade, acaso e necessidade em Aristóteles|http://www.reflexoesdofilosofo.blog.br/2021/04/causalidade-acaso-e-necessidade-em.html
Reflexões do Filósofo (de rua)|Uma visão otimista da filosofia da tecnologia|http://www.reflexoesdofilosofo.blog.br/2021/04/uma-visao-otimista-da-filosofia-da.html
Reflexões do Filósofo (de rua)|Breve olhar de Heidegger sobre a técnica|http://www.reflexoesdofilosofo.blog.br/2021/04/breve-olhar-de-heidegger-sobre-tecnica.html
Reflexões do Filósofo (de rua)|A era tecnológica como ideologia|http://www.reflexoesdofilosofo.blog.br/2021/04/a-era-tecnologica-como-ideologia.html
Reflexões do Filósofo (de rua)|A matemática e a metafísica grega|http://www.reflexoesdofilosofo.blog.br/2021/04/a-matematica-e-metafisica-grega.html
Reflexões do Filósofo (de rua)|Em busca das práticas focais|http://www.reflexoesdofilosofo.blog.br/2021/03/em-busca-das-praticas-focais.html
Reflexões do Filósofo (de rua)|As circunstâncias da vida|http://www.reflexoesdofilosofo.blog.br/2021/03/as-circunstancias-da-vida.html
Reflexões do Filósofo (de rua)|O homem maravilhado|http://www.reflexoesdofilosofo.blog.br/2021/03/o-homem-maravilhado.html
Reflexões do Filósofo (de rua)|Girando em torno da metafísica|http://www.reflexoesdofilosofo.blog.br/2021/03/girando-em-torno-da-metafisica.html
Reflexões do Filósofo (de rua)|Elogio da Técnica|http://www.reflexoesdofilosofo.blog.br/2021/03/elogio-da-tecnica.html
Reflexões do Filósofo (de rua)|O despertar de um sono profundamente dogmático|http://www.reflexoesdofilosofo.blog.br/2021/03/o-despertar-de-um-sono-profundamente.html
Reflexões do Filósofo (de rua)|Catálogo tecnológico|http://www.reflexoesdofilosofo.blog.br/2021/03/catalogo-tecnologico.html
Reflexões do Filósofo (de rua)|Uma introdução ao pensamento de Álvaro Vieira Pinto|http://www.reflexoesdofilosofo.blog.br/2021/03/uma-introducao-ao-pensamento-de-alvaro.html
Reflexões do Filósofo (de rua)|Ciência, técnica e realidade|http://www.reflexoesdofilosofo.blog.br/2021/03/ciencia-tecnica-e-realidade.html
Reflexões do Filósofo (de rua)|Do "creatio ex nihilo" ao "reductio at nihil"|http://www.reflexoesdofilosofo.blog.br/2021/03/do-creatio-ex-nihilo-ao-reductio-at.html
Reflexões do Filósofo (de rua)|O que você tem na mão?|http://www.reflexoesdofilosofo.blog.br/2021/02/o-que-voce-tem-na-mao.html
Reflexões do Filósofo (de rua)|Curto panorama da Filosofia da Tecnologia|http://www.reflexoesdofilosofo.blog.br/2021/02/curto-panorama-da-filosofia-da.html
Reflexões do Filósofo (de rua)|Filosofia da Tecnologia: três enfoques|http://www.reflexoesdofilosofo.blog.br/2021/02/filosofia-da-tecnologia-tres-enfoques.html
Reflexões do Filósofo (de rua)|Introdução panorâmica à filosofia e sociologia da ciência do século XX|http://www.reflexoesdofilosofo.blog.br/2021/02/introducao-panoramica-filosofia-e.html
Reflexões do Filósofo (de rua)|Aufbau|http://www.reflexoesdofilosofo.blog.br/2021/02/aufbau.html
Reflexões do Filósofo (de rua)|A disseminação da atitude científica pelo Círculo de Viena|http://www.reflexoesdofilosofo.blog.br/2021/02/a-disseminacao-da-atitude-cientifica.html
Reflexões do Filósofo (de rua)|Behaviorismo de Skinner[i]|http://www.reflexoesdofilosofo.blog.br/2021/02/behaviorismo-de-skinneri.html
Reflexões do Filósofo (de rua)|A mente algorítmica|http://www.reflexoesdofilosofo.blog.br/2021/02/a-mente-algoritmica.html
Reflexões do Filósofo (de rua)|A solução da terceira antinomia na Crítica da razão pura[i]|http://www.reflexoesdofilosofo.blog.br/2021/01/a-solucao-da-terceira-antinomia-na.html
Reflexões do Filósofo (de rua)|Kant, Kant, Kant|http://www.reflexoesdofilosofo.blog.br/2021/01/kant-kant-kant.html
Reflexões do Filósofo (de rua)|A queda: quando o sujeito se torna interlocutor.|http://www.reflexoesdofilosofo.blog.br/2021/01/a-queda-quando-o-sujeito-se-torna.html
Reflexões do Filósofo (de rua)|Sentido de uma vida incrédula|http://www.reflexoesdofilosofo.blog.br/2020/12/sentido-de-uma-vida-incredula.html
Reflexões do Filósofo (de rua)|Sobre a plasticidade cerebral e outros princípios de seu funcionamento interno|http://www.reflexoesdofilosofo.blog.br/2020/12/sobre-plasticidade-cerebral-e-outros.html
Reflexões do Filósofo (de rua)|Informação gödeliana anti-IA|http://www.reflexoesdofilosofo.blog.br/2020/12/informacao-godeliana-anti-ia.html
Reflexões do Filósofo (de rua)|Quine e os problemas do positivismo lógico*|http://www.reflexoesdofilosofo.blog.br/2020/11/quine-e-os-problemas-do-positivismo.html
Reflexões do Filósofo (de rua)|O programa do positivismo lógico [i]|http://www.reflexoesdofilosofo.blog.br/2020/10/o-programa-do-positivismo-logico-i.html
Reflexões do Filósofo (de rua)|Meu ego|http://www.reflexoesdofilosofo.blog.br/2020/10/meu-ego.html
Reflexões do Filósofo (de rua)|Linguagem Referencial|http://www.reflexoesdofilosofo.blog.br/2020/10/linguagem-referencial.html
Reflexões do Filósofo (de rua)|Wittgenstein: o paradigma e os usos empírico e analógico[i]|http://www.reflexoesdofilosofo.blog.br/2020/09/wittgenstein-o-paradigma-e-os-usos.html
Reflexões do Filósofo (de rua)|Wittgenstein e a teoria da figuração|http://www.reflexoesdofilosofo.blog.br/2020/09/wittgenstein-e-teoria-da-figuracao.html
Reflexões do Filósofo (de rua)|Trazendo a segunda pessoa para o debate|http://www.reflexoesdofilosofo.blog.br/2020/09/trazendo-segunda-pessoa-para-o-debate.html
Reflexões do Filósofo (de rua)|Muita live|http://www.reflexoesdofilosofo.blog.br/2020/09/muita-live.html
Reflexões do Filósofo (de rua)| A religião é a merda do povo|http://www.reflexoesdofilosofo.blog.br/2020/08/a-religiao-e-merda-do-povo.html
Reflexões do Filósofo (de rua)|O mistério das coisas|http://www.reflexoesdofilosofo.blog.br/2020/08/o-misterio-das-coisas.html
Reflexões do Filósofo (de rua)|Guia introdutório ao pensamento kantiano[i]|http://www.reflexoesdofilosofo.blog.br/2020/07/guia-introdutorio-ao-pensamento.html
Reflexões do Filósofo (de rua)|A Filosofia e o conceito|http://www.reflexoesdofilosofo.blog.br/2020/07/a-filosofia-e-o-conceito.html
Reflexões do Filósofo (de rua)|Quebrar as máquinas|http://www.reflexoesdofilosofo.blog.br/2020/07/quebrar-as-maquinas.html
Reflexões do Filósofo (de rua)|A crença primordial na realidade do mundo[i]|http://www.reflexoesdofilosofo.blog.br/2020/06/a-crenca-primordial-na-realidade-do.html
Reflexões do Filósofo (de rua)|Livre direito de manifestação|http://www.reflexoesdofilosofo.blog.br/2020/06/livre-direito-de-manifestacao.html
Reflexões do Filósofo (de rua)|Inteligência Artificial: o caminho da representação cognitiva ao dinamismo do Dasein[i]|http://www.reflexoesdofilosofo.blog.br/2020/06/ia-do-representacao-cognitiva-ao.html
Reflexões do Filósofo (de rua)|O MITO DE DESCARTES[i]|http://www.reflexoesdofilosofo.blog.br/2020/05/o-mito-de-descartes-doutrina-oficial.html
Reflexões do Filósofo (de rua)|Mente gorda ou mente magra?|http://www.reflexoesdofilosofo.blog.br/2020/05/mente-gorda-ou-mente-magra.html
Reflexões do Filósofo (de rua)|Psicologia Popular*|http://www.reflexoesdofilosofo.blog.br/2020/05/psicologia-popular.html
Reflexões do Filósofo (de rua)|Introdução à intencionalidade em Searle[i]|http://www.reflexoesdofilosofo.blog.br/2020/04/introducao-intencionalidade-em-searlei.html
Reflexões do Filósofo (de rua)|Investigação da mente: evolução e intencionalidade[i]|http://www.reflexoesdofilosofo.blog.br/2020/04/investigacao-da-mente-evolucao-e.html
Reflexões do Filósofo (de rua)|Xô coronga|http://www.reflexoesdofilosofo.blog.br/2020/04/xo-coronga.html
Reflexões do Filósofo (de rua)|A consciência subjetiva é parte da realidade*|http://www.reflexoesdofilosofo.blog.br/2020/04/a-consciencia-subjetiva-e-parte-da.html
Reflexões do Filósofo (de rua)|Nunca fomos tão burgueses|http://www.reflexoesdofilosofo.blog.br/2020/04/nunca-fomos-tao-burgueses.html
Reflexões do Filósofo (de rua)|Não tem ninguém na rua|http://www.reflexoesdofilosofo.blog.br/2020/03/nao-tem-ninguem-na-rua.html
Reflexões do Filósofo (de rua)|Terraplanismo|http://www.reflexoesdofilosofo.blog.br/2020/03/terraplanismo.html
Reflexões do Filósofo (de rua)|Critérios de Mesmidade[i]|http://www.reflexoesdofilosofo.blog.br/2020/03/criterios-de-mesmidadei.html
Reflexões do Filósofo (de rua)|Emergentismo|http://www.reflexoesdofilosofo.blog.br/2020/03/emergentismo.html
Reflexões do Filósofo (de rua)|Uma consciência, uma dificuldade|http://www.reflexoesdofilosofo.blog.br/2020/03/uma-consciencia-uma-dificuldade.html
Reflexões do Filósofo (de rua)| Duas acepções de identidade[i]|http://www.reflexoesdofilosofo.blog.br/2020/02/duas-acepcoes-de-identidadei.html
Reflexões do Filósofo (de rua)|Preliminares da teoria da identidade|http://www.reflexoesdofilosofo.blog.br/2020/02/preliminares-da-teoria-da-identidade.html
Reflexões do Filósofo (de rua)|A consciência da ginoide[i]|http://www.reflexoesdofilosofo.blog.br/2020/01/a-consciencia-da-ginoidei.html
Reflexões do Filósofo (de rua)|Filosofia da Sobrevivência|http://www.reflexoesdofilosofo.blog.br/2020/01/filosofia-da-sobrevivencia.html
Reflexões do Filósofo (de rua)|Sobre mesa[i]|http://www.reflexoesdofilosofo.blog.br/2019/12/sobre-mesai.html
Reflexões do Filósofo (de rua)|Parasita[i]|http://www.reflexoesdofilosofo.blog.br/2019/11/parasitai.html
Reflexões do Filósofo (de rua)|Repouso[i]|http://www.reflexoesdofilosofo.blog.br/2019/10/repousoi.html
Reflexões do Filósofo (de rua)|Cidadãos do Universo*|http://www.reflexoesdofilosofo.blog.br/2019/09/cidadaos-do-universo.html
Reflexões do Filósofo (de rua)|Criticismo Filosófico [i]|http://www.reflexoesdofilosofo.blog.br/2019/09/criticismo-filosofico-i.html
Reflexões do Filósofo (de rua)|Do conhecimento à opinião há erro*|http://www.reflexoesdofilosofo.blog.br/2019/08/conhecimento-erro-e-opiniao-provavel.html
Reflexões do Filósofo (de rua)|A unidade complexa de Russell*|http://www.reflexoesdofilosofo.blog.br/2019/07/a-unidade-complexa-de-russell.html
Reflexões do Filósofo (de rua)|Graus de autoevidência*|http://www.reflexoesdofilosofo.blog.br/2019/07/graus-de-autoevidencia.html
Reflexões do Filósofo (de rua)|O conhecimento a priori lida com relações universais[i]|http://www.reflexoesdofilosofo.blog.br/2019/07/o-conhecimento-priori-lida-com-relacoes.html
Reflexões do Filósofo (de rua)|Russell platônico[i]|http://www.reflexoesdofilosofo.blog.br/2019/06/russell-platonicoi.html
Reflexões do Filósofo (de rua)|A mente que liga o mundo*|http://www.reflexoesdofilosofo.blog.br/2019/06/a-mente-que-liga-o-mundo.html
Reflexões do Filósofo (de rua)|Princípios lógicos*|http://www.reflexoesdofilosofo.blog.br/2019/06/principios-logicos.html
Reflexões do Filósofo (de rua)|Sobre a indução*|http://www.reflexoesdofilosofo.blog.br/2019/05/sobre-inducao.html
Reflexões do Filósofo (de rua)|Acerca da dúvida|http://www.reflexoesdofilosofo.blog.br/2019/05/acerca-da-duvida.html
Reflexões do Filósofo (de rua)|Ideias de Deus*|http://www.reflexoesdofilosofo.blog.br/2019/05/ideias-de-deus.html
Reflexões do Filósofo (de rua)|O espaço físico [i]|http://www.reflexoesdofilosofo.blog.br/2019/04/o-espaco-fisico-i.html
Reflexões do Filósofo (de rua)|O mundo não existe[i]|http://www.reflexoesdofilosofo.blog.br/2019/04/o-mundo-nao-existei.html
Reflexões do Filósofo (de rua)|Abrangência|http://www.reflexoesdofilosofo.blog.br/2019/04/abrangencia.html
Reflexões do Filósofo (de rua)|Didática e Pedagogia do Exame*|http://www.reflexoesdofilosofo.blog.br/2019/03/didatica-e-pedagogia-do-exame.html
Reflexões do Filósofo (de rua)|Como resolver problemas filosóficos*|http://www.reflexoesdofilosofo.blog.br/2019/02/como-resolver-problemas-filosoficos.html
Reflexões do Filósofo (de rua)|O pragmatismo de Putnam[1]|http://www.reflexoesdofilosofo.blog.br/2019/01/o-pragmatismo-de-putnam1.html
Reflexões do Filósofo (de rua)|Fé na Festa*|http://www.reflexoesdofilosofo.blog.br/2019/01/fe-na-festa.html
Reflexões do Filósofo (de rua)|Lé com cré|http://www.reflexoesdofilosofo.blog.br/2018/12/le-com-cre.html
Reflexões do Filósofo (de rua)|Genealogia e Arqueologia [i]|http://www.reflexoesdofilosofo.blog.br/2018/12/genealogia-e-arqueologia-i.html
Reflexões do Filósofo (de rua)|O deus brasileiro é fake|http://www.reflexoesdofilosofo.blog.br/2018/10/o-deus-brasileiro-e-fake.html
Reflexões do Filósofo (de rua)|Que é escrever?*|http://www.reflexoesdofilosofo.blog.br/2018/10/que-e-escrever.html
Reflexões do Filósofo (de rua)|Intersecção|http://www.reflexoesdofilosofo.blog.br/2018/09/interseccao.html
Reflexões do Filósofo (de rua)|bichinho perdido|http://www.reflexoesdofilosofo.blog.br/2018/09/bichinho-perdido.html
Reflexões do Filósofo (de rua)|Respirar e seguir|http://www.reflexoesdofilosofo.blog.br/2018/09/respirar-e-seguir.html
Reflexões do Filósofo (de rua)|Uma simples equação|http://www.reflexoesdofilosofo.blog.br/2018/08/parao-ser-humano-tudo-e-viver-e-nada.html
Reflexões do Filósofo (de rua)|Nosso Neymar|http://www.reflexoesdofilosofo.blog.br/2018/07/nosso-neymar.html
Reflexões do Filósofo (de rua)|Idealista|http://www.reflexoesdofilosofo.blog.br/2018/06/idealista.html
Reflexões do Filósofo (de rua)|Compatibilizando os qualias com o fisicalismo*|http://www.reflexoesdofilosofo.blog.br/2018/06/compatibilizando-os-qualias-com-o.html
Reflexões do Filósofo (de rua)|Ciência de Dados|http://www.reflexoesdofilosofo.blog.br/2018/06/ciencia-de-dados.html
Reflexões do Filósofo (de rua)|Paradigmas do século XXI[i]|http://www.reflexoesdofilosofo.blog.br/2018/05/paradigmas-do-seculo-xxii.html
Reflexões do Filósofo (de rua)|Aparato Terra Dois*|http://www.reflexoesdofilosofo.blog.br/2018/04/aparato-terra-dois.html
Reflexões do Filósofo (de rua)|Proliferação plural progressista|http://www.reflexoesdofilosofo.blog.br/2018/04/proliferacao-plural-progressista.html
Reflexões do Filósofo (de rua)|Os qualia: Fechamento Cognitivo*|http://www.reflexoesdofilosofo.blog.br/2018/03/os-qualia-fechamento-cognitivo.html
Reflexões do Filósofo (de rua)|Os qualia*|http://www.reflexoesdofilosofo.blog.br/2018/03/os-qualia.html
Reflexões do Filósofo (de rua)|Introdução ao epifenomenalismo|http://www.reflexoesdofilosofo.blog.br/2018/03/introducao-ao-epifenomenalismo.html
Reflexões do Filósofo (de rua)|Não estamos no comando|http://www.reflexoesdofilosofo.blog.br/2018/03/nao-estamos-no-comando.html
Reflexões do Filósofo (de rua)|A deliberação humana*|http://www.reflexoesdofilosofo.blog.br/2018/02/a-deliberacao-humana.html
Reflexões do Filósofo (de rua)|Corpos dóceis e rentáveis*|http://www.reflexoesdofilosofo.blog.br/2018/02/corpos-doceis-e-rentaveis.html
Reflexões do Filósofo (de rua)|Terra Brasilis - a vida como ela é|http://www.reflexoesdofilosofo.blog.br/2018/01/terra-brasilis-vida-como-ela-e.html
Reflexões do Filósofo (de rua)|Uma história de exclusão na filosofia*|http://www.reflexoesdofilosofo.blog.br/2018/01/uma-historia-de-exclusao-na-filosofia.html
Reflexões do Filósofo (de rua)|Que se entende por consciência*|http://www.reflexoesdofilosofo.blog.br/2018/01/que-se-entende-por-consciencia.html
Reflexões do Filósofo (de rua)|Da definição de liberdade no Livre-arbítrio*|http://www.reflexoesdofilosofo.blog.br/2018/01/da-definicao-de-liberdade-no-livre.html
Reflexões do Filósofo (de rua)|Pós[-meta]|http://www.reflexoesdofilosofo.blog.br/2017/12/pos.html
Reflexões do Filósofo (de rua)|Nada mudou*|http://www.reflexoesdofilosofo.blog.br/2017/11/nada-mudou.html
Reflexões do Filósofo (de rua)|A corrupção do homem*|http://www.reflexoesdofilosofo.blog.br/2017/09/a-corrupcao-do-homem.html
Reflexões do Filósofo (de rua)|Colação de grau|http://www.reflexoesdofilosofo.blog.br/2017/09/colacao-de-grau.html
Reflexões do Filósofo (de rua)|Nas masmorras do poder|http://www.reflexoesdofilosofo.blog.br/2017/06/nas-masmorras-do-poder.html
Reflexões do Filósofo (de rua)|Dialética sobredeterminada*|http://www.reflexoesdofilosofo.blog.br/2017/05/dialetica-sobredeterminada.html
Reflexões do Filósofo (de rua)|A lei sobre o furto de madeira e o direito dos pobres*|http://www.reflexoesdofilosofo.blog.br/2017/05/a-lei-sobre-o-furto-de-madeira-e-o.html
Reflexões do Filósofo (de rua)|Ontogênese e sobrevivência: um continuum*|http://www.reflexoesdofilosofo.blog.br/2017/04/ontogenese-e-sobrevivencia-um-continuum.html
Reflexões do Filósofo (de rua)|A dinâmica de forças que se opõe à luta de todos contra todos*|http://www.reflexoesdofilosofo.blog.br/2017/04/a-dinamica-de-forcas-que-se-opoe-luta.html
Reflexões do Filósofo (de rua)|Incômodo*|http://www.reflexoesdofilosofo.blog.br/2017/04/incomodo.html
Reflexões do Filósofo (de rua)|Leviatã, I, XVI*|http://www.reflexoesdofilosofo.blog.br/2017/03/leviata-i-xvi.html
Reflexões do Filósofo (de rua)|Entre o discreto e o contínuo|http://www.reflexoesdofilosofo.blog.br/2017/03/entre-o-discreto-e-o-continuo.html
Reflexões do Filósofo (de rua)|Deus, ou seja, a Natureza[1]*|http://www.reflexoesdofilosofo.blog.br/2017/02/deus-ou-seja-natureza1.html
Reflexões do Filósofo (de rua)|Convergência|http://www.reflexoesdofilosofo.blog.br/2017/02/convergencia.html
Reflexões do Filósofo (de rua)|Só uma resposta|http://www.reflexoesdofilosofo.blog.br/2017/01/so-uma-resposta.html
Reflexões do Filósofo (de rua)|Um sentimento|http://www.reflexoesdofilosofo.blog.br/2017/01/um-sentimento.html
Reflexões do Filósofo (de rua)|Atitude filosófica*|http://www.reflexoesdofilosofo.blog.br/2017/01/atitude-filosofica.html
Reflexões do Filósofo (de rua)|Empírico e Racional|http://www.reflexoesdofilosofo.blog.br/2017/01/empirico-e-racional.html
Reflexões do Filósofo (de rua)|Entre o positivo e o negativo|http://www.reflexoesdofilosofo.blog.br/2017/01/entre-o-positivo-e-o-negativo.html
Reflexões do Filósofo (de rua)|Feliz 2017*|http://www.reflexoesdofilosofo.blog.br/2016/12/feliz-2017.html
Reflexões do Filósofo (de rua)|Movimento filosófico|http://www.reflexoesdofilosofo.blog.br/2016/12/movimento-filosofico.html
Reflexões do Filósofo (de rua)|O existencialismo é um humanismo*|http://www.reflexoesdofilosofo.blog.br/2016/11/o-existencialismo-e-um-humanismo.html
Reflexões do Filósofo (de rua)|Lar, doce lar|http://www.reflexoesdofilosofo.blog.br/2016/11/lar-doce-lar.html
Reflexões do Filósofo (de rua)|Escola é melhor do que lidar com merda*|http://www.reflexoesdofilosofo.blog.br/2016/10/escola-e-melhor-do-que-lidar-com-merda.html
Reflexões do Filósofo (de rua)|O homem e a rua e a rua e o homem|http://www.reflexoesdofilosofo.blog.br/2016/10/o-homem-e-rua-e-rua-e-o-homem.html
Reflexões do Filósofo (de rua)|Uma nova imagem|http://www.reflexoesdofilosofo.blog.br/2016/10/uma-nova-imagem.html
Reflexões do Filósofo (de rua)|Desenvolvimento ou constituição do sujeito (do desejo)*|http://www.reflexoesdofilosofo.blog.br/2016/09/desenvolvimento-ou-constituicao-do.html
Reflexões do Filósofo (de rua)|Filosofia no Brasil: presa no passado e na primazia do ser que engessa a ação*|http://www.reflexoesdofilosofo.blog.br/2016/09/filosofia-no-brasil-presa-no-passado-e.html
Reflexões do Filósofo (de rua)|Muitos domingos|http://www.reflexoesdofilosofo.blog.br/2016/09/muitos-domingos.html
Reflexões do Filósofo (de rua)|Discurso laureado|http://www.reflexoesdofilosofo.blog.br/2016/09/discurso-laureado.html
Reflexões do Filósofo (de rua)|O que é estrutural|http://www.reflexoesdofilosofo.blog.br/2016/09/o-que-e-estrutural.html
Reflexões do Filósofo (de rua)|Qual a classe morfológica da filosofia? Verbo ou substantivo?*|http://www.reflexoesdofilosofo.blog.br/2016/09/qual-classe-morfologica-da-filosofia.html
Reflexões do Filósofo (de rua)|Cinco lições de psicanálise*|http://www.reflexoesdofilosofo.blog.br/2016/09/cinco-licoes-de-psicanalise.html
Reflexões do Filósofo (de rua)|História e educação para surdos: oralismo, comunicação total e bilinguismo*|http://www.reflexoesdofilosofo.blog.br/2016/08/historia-e-educacao-para-surdos.html
Reflexões do Filósofo (de rua)|É preciso fazer algo pelo mundo?|http://www.reflexoesdofilosofo.blog.br/2016/08/e-preciso-fazer-algo-pelo-mundo.html
Reflexões do Filósofo (de rua)|Liberdade Política|http://www.reflexoesdofilosofo.blog.br/2016/07/liberdade-politica.html
Reflexões do Filósofo (de rua)|Os erros morais kantianos e dos kantianos*|http://www.reflexoesdofilosofo.blog.br/2016/07/os-erros-morais-kantianos-e-dos.html
Reflexões do Filósofo (de rua)|O auto dever é uma aberração, segundo Schopenhauer*|http://www.reflexoesdofilosofo.blog.br/2016/07/o-auto-dever-e-uma-aberracao-segundo.html
Reflexões do Filósofo (de rua)|Kant e o passe de mágica na base do imperativo categórico*|http://www.reflexoesdofilosofo.blog.br/2016/06/kant-e-o-passe-de-magica-na-base-do.html
Reflexões do Filósofo (de rua)|Introdução ao fundamento da moral em Schopenhauer|http://www.reflexoesdofilosofo.blog.br/2016/06/introducao-ao-fundamento-da-moral-em.html
Reflexões do Filósofo (de rua)|Teologia aristotélica*|http://www.reflexoesdofilosofo.blog.br/2016/06/teologia-aristotelica.html
Reflexões do Filósofo (de rua)|Um caminho para a liberdade em Kant|http://www.reflexoesdofilosofo.blog.br/2016/06/um-caminho-para-liberdade-em-kant.html
Reflexões do Filósofo (de rua)|Considerações gerais sobre a Filosofia da Mente|http://www.reflexoesdofilosofo.blog.br/2016/06/consideracoes-gerais-sobre-filosofia-da.html
Reflexões do Filósofo (de rua)|Culpa e desespero - esboço|http://www.reflexoesdofilosofo.blog.br/2016/05/culpa-e-desespero.html
Reflexões do Filósofo (de rua)|Sobre a molécula ideagênica produtora de consciência*|http://www.reflexoesdofilosofo.blog.br/2016/05/sobre-molecula-ideagenica-produtora-de.html
Reflexões do Filósofo (de rua)|A informação como lei da consciência*|http://www.reflexoesdofilosofo.blog.br/2016/05/a-informacao-como-lei-da-consciencia.html
Reflexões do Filósofo (de rua)|O Tratado das Categorias de Aristóteles: alguns aspectos*|http://www.reflexoesdofilosofo.blog.br/2016/05/o-tratado-das-categorias-de-aristoteles.html
Reflexões do Filósofo (de rua)|Liberdade: um nada ontológico*|http://www.reflexoesdofilosofo.blog.br/2016/04/liberdade-um-nada-ontologico.html
Reflexões do Filósofo (de rua)|Mundo sem qualidades*|http://www.reflexoesdofilosofo.blog.br/2016/04/mundo-sem-qualidades.html
Reflexões do Filósofo (de rua)|Transição da Metafísica dos Costumes para a Crítica da Razão Prática Pura*|http://www.reflexoesdofilosofo.blog.br/2016/04/transicao-da-metafisica-dos-costumes.html
Reflexões do Filósofo (de rua)|Notas sobre o paralelismo psicofísico*|http://www.reflexoesdofilosofo.blog.br/2016/04/notas-sobre-o-paralelismo-psicofisico.html
Reflexões do Filósofo (de rua)|Plotino, exegeta de Aristóteles*|http://www.reflexoesdofilosofo.blog.br/2016/04/plotino-exegeta-de-aristoteles.html
Reflexões do Filósofo (de rua)|Essência verde e amarela|http://www.reflexoesdofilosofo.blog.br/2016/03/essencia-verde-e-amarela.html
Reflexões do Filósofo (de rua)|Prefácio da Segunda Edição*|http://www.reflexoesdofilosofo.blog.br/2016/03/prefacio-da-segunda-edicao.html
Reflexões do Filósofo (de rua)|Forma e substância - um ensaio aristotélico meio kantiano*|http://www.reflexoesdofilosofo.blog.br/2016/03/forma-e-substancia-um-ensaio.html
Reflexões do Filósofo (de rua)|Crítica da Razão Pura - Prefácio da Tradução Portuguesa*|http://www.reflexoesdofilosofo.blog.br/2016/03/critica-da-razao-pura-prefacio-da.html
Reflexões do Filósofo (de rua)|A primeira doutrina da substância: a substância segundo Aristóteles*|http://www.reflexoesdofilosofo.blog.br/2016/03/a-primeira-doutrina-da-substancia.html
Reflexões do Filósofo (de rua)|Dá para desatar o nó do mundo?*|http://www.reflexoesdofilosofo.blog.br/2016/03/da-para-desatar-o-no-do-mundo.html
Reflexões do Filósofo (de rua)|Haveria independência entre a mente e o comportamento?*|http://www.reflexoesdofilosofo.blog.br/2016/02/haveria-independencia-entre-mente-e-o.html
Reflexões do Filósofo (de rua)|Pontuando a moral kantiana*|http://www.reflexoesdofilosofo.blog.br/2016/02/pontuando-moral-kantiana.html
Reflexões do Filósofo (de rua)|Tênue Razão*|http://www.reflexoesdofilosofo.blog.br/2016/02/tenue-razao.html
Reflexões do Filósofo (de rua)|Projeto Capitalismo e Esquizofrenia*|http://www.reflexoesdofilosofo.blog.br/2016/02/projeto-capitalismo-e-esquizofrenia.html
Reflexões do Filósofo (de rua)|Minuto de silêncio|http://www.reflexoesdofilosofo.blog.br/2016/02/minuto-de-silencio.html
Reflexões do Filósofo (de rua)|Imagem com semelhança e imagem sem semelhança: optaremos por qual?|http://www.reflexoesdofilosofo.blog.br/2016/02/imagem-com-semelhanca-e-imagem-sem.html
Reflexões do Filósofo (de rua)|A imanência: uma vida...*|http://www.reflexoesdofilosofo.blog.br/2016/01/a-imanencia-uma-vida.html
Reflexões do Filósofo (de rua)|Estruturas inconscientes transcendentes que determinam o homem*|http://www.reflexoesdofilosofo.blog.br/2016/01/estruturas-inconscientes-transcendentes.html
Reflexões do Filósofo (de rua)|Reclusão de fim de ano|http://www.reflexoesdofilosofo.blog.br/2015/12/reclusao-de-fim-de-ano.html
Reflexões do Filósofo (de rua)|Da noção de utilidade humana*|http://www.reflexoesdofilosofo.blog.br/2015/12/da-nocao-de-utilidade-humana.html
Reflexões do Filósofo (de rua)|Platão à guisa de introdução|http://www.reflexoesdofilosofo.blog.br/2015/12/platao-guisa-de-introducao.html
Reflexões do Filósofo (de rua)|D&G*|http://www.reflexoesdofilosofo.blog.br/2015/12/d.html
Reflexões do Filósofo (de rua)|Sarah e o devir besouro*|http://www.reflexoesdofilosofo.blog.br/2015/12/sarah-e-o-devir-besouro.html
Reflexões do Filósofo (de rua)|Nossos valores|http://www.reflexoesdofilosofo.blog.br/2015/11/nossos-valores.html
Reflexões do Filósofo (de rua)|Considerações sobre esse blog|http://www.reflexoesdofilosofo.blog.br/2015/11/consideracoes-sobre-esse-blog.html
Reflexões do Filósofo (de rua)|Depurando o sujeito|http://www.reflexoesdofilosofo.blog.br/2015/10/depurando-o-sujeito.html
Reflexões do Filósofo (de rua)|Hume e a teoria das probabilidades|http://www.reflexoesdofilosofo.blog.br/2015/10/hume-e-teoria-das-probabilidades.html
Reflexões do Filósofo (de rua)|Dri|http://www.reflexoesdofilosofo.blog.br/2015/10/dri.html
Reflexões do Filósofo (de rua)|AIE Escola*|http://www.reflexoesdofilosofo.blog.br/2015/10/aie-escola.html
Reflexões do Filósofo (de rua)|Limpeza de terreno|http://www.reflexoesdofilosofo.blog.br/2015/10/limpeza-de-terreno.html
Reflexões do Filósofo (de rua)|Política sem sujeito|http://www.reflexoesdofilosofo.blog.br/2015/10/politica-sem-sujeito.html
Reflexões do Filósofo (de rua)|A fenomenologia e a guinada transcendental*|http://www.reflexoesdofilosofo.blog.br/2015/10/a-fenomenologia-e-guinada-transcendental.html
Reflexões do Filósofo (de rua)|Hume anti cartesiano*|http://www.reflexoesdofilosofo.blog.br/2015/10/hume-anti-cartesiano.html
Reflexões do Filósofo (de rua)|Como reconhecer o estruturalismo*|http://www.reflexoesdofilosofo.blog.br/2015/09/como-reconhecer-o-estruturalismo.html
Reflexões do Filósofo (de rua)|Bando de loucos|http://www.reflexoesdofilosofo.blog.br/2015/09/bando-de-loucos.html
Reflexões do Filósofo (de rua)|Desconstruindo o sujeito*|http://www.reflexoesdofilosofo.blog.br/2015/09/desconstruindo-o-sujeito.html
Reflexões do Filósofo (de rua)|Camadas de artificialidade|http://www.reflexoesdofilosofo.blog.br/2015/08/camadas-de-artificialidade.html
Reflexões do Filósofo (de rua)|Ceticismo alegre e modesto*|http://www.reflexoesdofilosofo.blog.br/2015/08/ceticismo-alegre-e-modesto.html
Reflexões do Filósofo (de rua)|Empirismo lógico*|http://www.reflexoesdofilosofo.blog.br/2015/08/empirismo-logico.html
Reflexões do Filósofo (de rua)|O princípio de nossas ações|http://www.reflexoesdofilosofo.blog.br/2015/08/o-principio-de-nossas-acoes.html
Reflexões do Filósofo (de rua)|Fala que eu te escuto|http://www.reflexoesdofilosofo.blog.br/2015/08/fala-que-eu-te-escuto.html
Reflexões do Filósofo (de rua)|Lixo|http://www.reflexoesdofilosofo.blog.br/2015/07/lixo.html
Reflexões do Filósofo (de rua)|Crença cética*|http://www.reflexoesdofilosofo.blog.br/2015/07/crenca-cetica.html
Reflexões do Filósofo (de rua)|Como economizar energia mental*|http://www.reflexoesdofilosofo.blog.br/2015/07/como-economizar-energia-mental.html
Reflexões do Filósofo (de rua)|Dois condicionantes para uma pseudo análise social|http://www.reflexoesdofilosofo.blog.br/2015/07/dois-condicionantes-para-uma-pseudo.html
Reflexões do Filósofo (de rua)|A necessidade da filosofia|http://www.reflexoesdofilosofo.blog.br/2015/07/a-necessidade-da-filosofia.html
Reflexões do Filósofo (de rua)|A Morte|http://www.reflexoesdofilosofo.blog.br/2015/06/a-morte.html
Reflexões do Filósofo (de rua)|A Filosofia como objeto|http://www.reflexoesdofilosofo.blog.br/2015/06/a-filosofia-como-objeto.html
Reflexões do Filósofo (de rua)|Aula conceito: Metafísica.*|http://www.reflexoesdofilosofo.blog.br/2015/06/aula-conceito-metafisica.html
Reflexões do Filósofo (de rua)|Dificuldades|http://www.reflexoesdofilosofo.blog.br/2015/05/dificuldades.html
Reflexões do Filósofo (de rua)|Ciência do pensamento|http://www.reflexoesdofilosofo.blog.br/2015/05/ciencia-do-pensamento.html
Reflexões do Filósofo (de rua)|Breve comentário sobre a religião|http://www.reflexoesdofilosofo.blog.br/2015/05/breve-comentario-sobre-religiao.html
Reflexões do Filósofo (de rua)|Objeto da fenomenologia: a consciência intencional do sujeito constituída de vivências*|http://www.reflexoesdofilosofo.blog.br/2015/04/objeto-da-fenomenologia-consciencia.html
Reflexões do Filósofo (de rua)|Do buraco a filosofia saiu e no buraco ela ficou|http://www.reflexoesdofilosofo.blog.br/2015/05/do-buraco-filosofia-saiu-e-no-buraco.html
Reflexões do Filósofo (de rua)|Distanciamento e intimidade com o mundo*|http://www.reflexoesdofilosofo.blog.br/2015/05/distanciamento-e-intimidade-com-o-mundo.html
Reflexões do Filósofo (de rua)|Aula de Didática*|http://www.reflexoesdofilosofo.blog.br/2015/05/aula-de-didatica.html
Reflexões do Filósofo (de rua)|Investigação fenomenológica: as condições subjetivas do conhecimento em circunstâncias ideais*|http://www.reflexoesdofilosofo.blog.br/2015/04/investigacao-fenomenologica-as.html
Reflexões do Filósofo (de rua)|Movimento Fenomenológico*|http://www.reflexoesdofilosofo.blog.br/2015/04/movimento-fenomenologico.html
Reflexões do Filósofo (de rua)|Bicho Homem|http://www.reflexoesdofilosofo.blog.br/2015/04/bicho-homem.html
Reflexões do Filósofo (de rua)|Resenha das Orientações Curriculares para o Ensino Médio, ano 2006.|http://www.reflexoesdofilosofo.blog.br/2015/04/resenha-das-orientacoes-curriculares.html
Reflexões do Filósofo (de rua)|Infinito|http://www.reflexoesdofilosofo.blog.br/2015/04/infinito.html
Reflexões do Filósofo (de rua)|Intuição e dedução|http://www.reflexoesdofilosofo.blog.br/2015/04/intuicao-e-deducao.html
Reflexões do Filósofo (de rua)|Contra EAD. Uma análise no uso das tecnologias na relação sujeito-objeto, ou, professor-aluno.*|http://www.reflexoesdofilosofo.blog.br/2015/04/contra-ead-uma-analise-no-uso-das.html
Reflexões do Filósofo (de rua)|Pessoas perfeitas|http://www.reflexoesdofilosofo.blog.br/2015/04/pessoas-perfeitas.html
Reflexões do Filósofo (de rua)|Mestre Provisório*|http://www.reflexoesdofilosofo.blog.br/2015/03/mestre-provisorio.html
Reflexões do Filósofo (de rua)|“O mestre ignorante” – Jacques Rancière: A negação do saber do professor que emancipa o aluno.|http://www.reflexoesdofilosofo.blog.br/2015/03/o-mestre-ignorante-jacques-ranciere.html
Reflexões do Filósofo (de rua)|Ideologia e Educação|http://www.reflexoesdofilosofo.blog.br/2015/03/ideologia-e-educacao.html
Reflexões do Filósofo (de rua)|O direito de não ter e não fazer|http://www.reflexoesdofilosofo.blog.br/2015/02/o-direito-de-nao-ter-e-nao-fazer.html
Reflexões do Filósofo (de rua)|Intuição e Sensação|http://www.reflexoesdofilosofo.blog.br/2015/02/intuicao-e-sensacao.html
Reflexões do Filósofo (de rua)|O sistema e eu|http://www.reflexoesdofilosofo.blog.br/2015/01/o-sistema-e-eu.html
Reflexões do Filósofo (de rua)|Je suis Charlie?|http://www.reflexoesdofilosofo.blog.br/2015/01/je-suis-charlie.html
Reflexões do Filósofo (de rua)|Colocando água no capital cultural*|http://www.reflexoesdofilosofo.blog.br/2015/01/colocando-agua-no-capital-cultural.html
Reflexões do Filósofo (de rua)|A questão não é que o real seja impossível, mas que o impossível é real*|http://www.reflexoesdofilosofo.blog.br/2014/12/a-questao-nao-e-que-o-real-seja.html
Reflexões do Filósofo (de rua)|Elasticidade|http://www.reflexoesdofilosofo.blog.br/2014/12/elasticidade.html
Reflexões do Filósofo (de rua)|Arte popular|http://www.reflexoesdofilosofo.blog.br/2014/12/arte-popular.html
Reflexões do Filósofo (de rua)|A filosofia e os professores sob o olhar de Adorno|http://www.reflexoesdofilosofo.blog.br/2014/12/a-filosofia-e-os-professores-sob-o.html
Reflexões do Filósofo (de rua)|A Biblioteca de Babel|http://www.reflexoesdofilosofo.blog.br/2014/11/a-biblioteca-de-babel.html
Reflexões do Filósofo (de rua)|Um|http://www.reflexoesdofilosofo.blog.br/2014/11/um.html
Reflexões do Filósofo (de rua)|Uma reflexão sobre a educação: a dicotomia do papel da escola*|http://www.reflexoesdofilosofo.blog.br/2014/11/uma-reflexao-sobre-educacao-dicotomia.html
Reflexões do Filósofo (de rua)|Mídia|http://www.reflexoesdofilosofo.blog.br/2014/11/midia.html
Reflexões do Filósofo (de rua)|Corrupção|http://www.reflexoesdofilosofo.blog.br/2014/11/corrupcao.html
Reflexões do Filósofo (de rua)|Mauthner e o mundo fenomênico|http://www.reflexoesdofilosofo.blog.br/2014/10/mauthner-e-o-mundo-fenomenico.html
Reflexões do Filósofo (de rua)|Hannah: autoridade e conservação.|http://www.reflexoesdofilosofo.blog.br/2014/10/hannah-autoridade-e-conservacao.html
Reflexões do Filósofo (de rua)|Engatinhando na linguagem, filosoficamente|http://www.reflexoesdofilosofo.blog.br/2014/10/engatinhando-na-linguagem.html
Reflexões do Filósofo (de rua)|Few words about marxism|http://www.reflexoesdofilosofo.blog.br/2014/10/few-words-about-marxism.html
Reflexões do Filósofo (de rua)|Marx para jovens.|http://www.reflexoesdofilosofo.blog.br/2014/10/marx-para-jovens.html
Reflexões do Filósofo (de rua)|Um pouco de ficção|http://www.reflexoesdofilosofo.blog.br/2014/09/um-pouco-de-ficcao.html
Reflexões do Filósofo (de rua)|Patologia|http://www.reflexoesdofilosofo.blog.br/2014/09/patologia.html
Reflexões do Filósofo (de rua)|Há muito por fazer|http://www.reflexoesdofilosofo.blog.br/2014/09/ha-muito-por-fazer.html
Reflexões do Filósofo (de rua)|Série 3 perguntas, eu respondo.|http://www.reflexoesdofilosofo.blog.br/2014/08/serie-3-perguntas-eu-respondo.html
Reflexões do Filósofo (de rua)|O valor da teoria marxista|http://www.reflexoesdofilosofo.blog.br/2014/08/o-valor-da-teoria-marxista.html
Reflexões do Filósofo (de rua)|Reverberação|http://www.reflexoesdofilosofo.blog.br/2014/08/reverberacao.html
Reflexões do Filósofo (de rua)|Dinheiro|http://www.reflexoesdofilosofo.blog.br/2014/08/dinheiro.html
Reflexões do Filósofo (de rua)|Em um boteco real de copacabana|http://www.reflexoesdofilosofo.blog.br/2014/07/em-um-boteco-real-de-copacabana.html
Reflexões do Filósofo (de rua)|A Dama e o vagabundo|http://www.reflexoesdofilosofo.blog.br/2014/06/a-dama-e-o-vagabundo.html
Reflexões do Filósofo (de rua)|Vai tomar no cú|http://www.reflexoesdofilosofo.blog.br/2014/06/vai-tomar-no-cu.html
Reflexões do Filósofo (de rua)|Greve, 2014|http://www.reflexoesdofilosofo.blog.br/2014/05/greve-2014.html
Reflexões do Filósofo (de rua)|Olhar-se|http://www.reflexoesdofilosofo.blog.br/2014/05/olhar-se.html
Reflexões do Filósofo (de rua)|Alguém|http://www.reflexoesdofilosofo.blog.br/2014/05/alguem.html
Reflexões do Filósofo (de rua)|Mundos Possíveis|http://www.reflexoesdofilosofo.blog.br/2014/05/mundos-possiveis.html
Reflexões do Filósofo (de rua)|decisão|http://www.reflexoesdofilosofo.blog.br/2014/04/decisao.html
Reflexões do Filósofo (de rua)|Argumentação|http://www.reflexoesdofilosofo.blog.br/2014/04/argumentacao.html
Reflexões do Filósofo (de rua)|Falas|http://www.reflexoesdofilosofo.blog.br/2014/03/falas.html
Reflexões do Filósofo (de rua)|Tzvetan, Pondé, Safatle|http://www.reflexoesdofilosofo.blog.br/2014/03/tzvetan-ponde-safatle.html
Reflexões do Filósofo (de rua)|Consumo|http://www.reflexoesdofilosofo.blog.br/2014/03/consumo.html
Reflexões do Filósofo (de rua)|Cavalidade|http://www.reflexoesdofilosofo.blog.br/2014/02/cavalidade.html
Reflexões do Filósofo (de rua)|Comunicação Virtual|http://www.reflexoesdofilosofo.blog.br/2014/01/comunicacao-virtual.html
Reflexões do Filósofo (de rua)|O outro e o sorrir|http://www.reflexoesdofilosofo.blog.br/2014/01/o-outro-e-o-sorrir.html
Reflexões do Filósofo (de rua)|Poeira Social|http://www.reflexoesdofilosofo.blog.br/2013/12/poeira-social.html
Reflexões do Filósofo (de rua)|Legumes e Verduras|http://www.reflexoesdofilosofo.blog.br/2013/12/legumes-e-verduras-o-padrao-de-consumo.html
Reflexões do Filósofo (de rua)|Possibilidade|http://www.reflexoesdofilosofo.blog.br/2013/12/possibilidade-possibilidade-reside.html
Reflexões do Filósofo (de rua)|Estrutura|http://www.reflexoesdofilosofo.blog.br/2013/12/estrutura-existe-uma-estrutura-racional.html
Reflexões do Filósofo (de rua)|Fase|http://www.reflexoesdofilosofo.blog.br/2013/11/fase-essa-reflexao-nao-e-muito.html
Reflexões do Filósofo (de rua)|História|http://www.reflexoesdofilosofo.blog.br/2013/11/historia-estamos-presos-na-historia.html
Reflexões do Filósofo (de rua)|Liberdade|http://www.reflexoesdofilosofo.blog.br/2013/11/liberdade-liberdade-liberdade.html
Investigating the world|Searle on Intentionality[i]|http://quissak-en.blogspot.com/2020/05/searle-on-intentionalityi.html
Investigating the world|Forget to learn about consciousness for a while[i]|http://quissak-en.blogspot.com/2020/04/forget-to-learn-about-consciousness-for.html
Investigating the world|The Equator Line[i]|http://quissak-en.blogspot.com/2020/04/the-equator-linei.html
Investigating the world|Decoupling the decision[i]|http://quissak-en.blogspot.com/2020/04/decoupling-decisioni.html
Investigating the world|Is there afterlife?[i]|http://quissak-en.blogspot.com/2020/03/is-there-afterlifei.html
Investigating the world|The consciousness of the Universe[i]|http://quissak-en.blogspot.com/2020/03/the-consciousness-of-universei.html
Investigating the world|The soul is just a function*|http://quissak-en.blogspot.com/2020/01/the-soul-is-just-function.html
Investigating the world|Status of our investigation of brain and consciousness so far (18/01/2020)|http://quissak-en.blogspot.com/2020/01/status-of-our-investigation-of-brain.html
Investigating the world|Make you happy|http://quissak-en.blogspot.com/2018/02/make-you-happy.html
Investigating the world|The brain is only a part of the consciousness*|http://quissak-en.blogspot.com/2019/01/the-brain-is-only-part-of-consciousness.html
Investigating the world|The Cloud|http://quissak-en.blogspot.com/2018/12/the-cloud.html
Investigating the world|Uniqueness of consciousness[i]|http://quissak-en.blogspot.com/2018/09/uniqueness-of-consciousnessi.html
Investigating the world|are you conscious?*|http://quissak-en.blogspot.com/2018/08/are-you-conscious.html
Investigating the world|Thinking, fast and slow[i]|http://quissak-en.blogspot.com/2018/05/thinking-fast-slowi.html
Investigating the world|Technology to study the brain[i]|http://quissak-en.blogspot.com/2018/04/tech-to-study-braini.html
Investigating the world|Does the submarine swim?*|http://quissak-en.blogspot.com/2018/03/does-submarine-swim.html
Investigating the world|Unconscious Cerebellum[i]|http://quissak-en.blogspot.com/2018/03/unconscious-cerebellumi.html
Investigating the world|Few words about Stoicism*|http://quissak-en.blogspot.com/2018/01/few-words-about-stoicism.html
Investigating the world|Stoicism or Epicureanism - In which side are you*|http://quissak-en.blogspot.com/2018/02/stoicism-or-epicureanism-in-which-side.html
Investigating the world|The fox and the lion*|http://quissak-en.blogspot.com/2017/12/the-fox-and-lion.html
Investigating the world|Eudaimonia*|http://quissak-en.blogspot.com/2017/11/eudaimonia.html
Investigating the world|Free will and determinism*|http://quissak-en.blogspot.com/2017/10/free-will-and-determinism.html
